timestamp,open,high,low,close,volume
2026-05-07T09:30:00,7399.25,7400.25,7390.0,7391.0,70516
2026-05-07T09:45:00,7391.0,7393.0,7383.75,7387.75,66820
2026-05-07T10:00:00,7387.75,7397.5,7387.25,7393.25,50585
2026-05-07T10:15:00,7393.25,7398.75,7389.0,7393.75,49493
2026-05-07T10:30:00,7394.0,7401.75,7393.0,7400.25,44242
2026-05-07T10:45:00,7400.25,7409.5,7398.25,7409.25,38101
2026-05-07T11:00:00,7409.5,7410.0,7400.25,7401.5,38611
2026-05-07T11:15:00,7401.5,7404.5,7391.25,7397.5,52496
2026-05-07T11:30:00,7397.5,7404.75,7396.75,7401.25,39061
2026-05-07T11:45:00,7401.0,7402.5,7386.0,7388.0,41379
2026-05-07T12:00:00,7388.0,7388.5,7374.25,7375.0,70361
2026-05-07T12:15:00,7375.0,7382.5,7365.75,7382.0,78802
2026-05-07T12:30:00,7381.75,7386.5,7373.25,7375.75,43756
2026-05-07T12:45:00,7375.75,7377.0,7364.0,7368.5,42890
2026-05-07T13:00:00,7368.5,7374.75,7364.75,7368.0,40646
2026-05-07T13:15:00,7368.0,7373.75,7345.75,7354.25,92342
2026-05-07T13:30:00,7354.5,7365.25,7350.0,7356.0,50799
2026-05-07T13:45:00,7355.75,7366.25,7349.5,7365.25,52986
2026-05-07T14:00:00,7365.25,7369.75,7358.75,7364.5,42143
2026-05-07T14:15:00,7364.75,7370.5,7359.75,7361.25,27326
2026-05-07T14:30:00,7361.0,7367.5,7347.5,7351.25,38899
2026-05-07T14:45:00,7351.25,7360.25,7345.5,7359.75,54061
2026-05-07T15:00:00,7359.75,7363.75,7355.0,7360.25,28707
2026-05-07T15:15:00,7360.5,7361.75,7348.5,7354.0,45516
2026-05-07T15:30:00,7353.75,7363.5,7352.5,7361.25,32269
2026-05-07T15:45:00,7361.5,7367.5,7354.75,7364.25,144933
2026-05-08T09:30:00,7395.75,7401.25,7391.75,7399.5,67485
2026-05-08T09:45:00,7399.5,7413.75,7399.25,7413.5,51322
2026-05-08T10:00:00,7413.5,7416.0,7409.25,7415.25,58408
2026-05-08T10:15:00,7415.25,7422.75,7412.5,7415.25,51569
2026-05-08T10:30:00,7415.25,7418.75,7408.25,7418.5,42131
2026-05-08T10:45:00,7418.75,7422.0,7416.75,7417.75,31272
2026-05-08T11:00:00,7417.75,7420.75,7411.5,7412.75,33870
2026-05-08T11:15:00,7412.75,7416.75,7407.25,7416.0,34926
2026-05-08T11:30:00,7416.0,7420.5,7410.0,7414.5,40631
2026-05-08T11:45:00,7414.5,7420.5,7413.25,7416.0,27192
2026-05-08T12:00:00,7415.75,7422.25,7415.5,7420.75,25497
2026-05-08T12:15:00,7420.75,7424.25,7419.0,7422.25,18062
2026-05-08T12:30:00,7422.5,7423.25,7415.0,7415.25,21667
2026-05-08T12:45:00,7415.25,7420.25,7415.0,7415.75,21285
2026-05-08T13:00:00,7415.75,7423.0,7414.75,7418.5,23997
2026-05-08T13:15:00,7418.5,7425.0,7418.5,7423.5,19663
2026-05-08T13:30:00,7423.5,7426.0,7419.5,7419.75,17247
2026-05-08T13:45:00,7419.75,7423.0,7417.5,7418.75,19186
2026-05-08T14:00:00,7418.75,7427.75,7418.5,7425.0,32020
2026-05-08T14:15:00,7424.75,7426.5,7423.25,7424.0,14399
2026-05-08T14:30:00,7424.25,7426.75,7419.0,7419.25,16846
2026-05-08T14:45:00,7419.25,7419.25,7407.5,7410.75,40741
2026-05-08T15:00:00,7410.5,7417.25,7410.0,7414.75,23572
2026-05-08T15:15:00,7414.75,7418.75,7412.75,7412.75,24204
2026-05-08T15:30:00,7413.0,7420.75,7411.5,7419.75,30856
2026-05-08T15:45:00,7419.75,7422.0,7417.0,7421.25,121912
2026-05-11T09:30:00,7410.0,7429.5,7410.0,7429.5,75420
2026-05-11T09:45:00,7429.5,7437.25,7429.0,7432.75,57281
2026-05-11T10:00:00,7432.5,7436.5,7430.5,7436.5,33612
2026-05-11T10:15:00,7436.5,7442.0,7430.25,7430.25,47705
2026-05-11T10:30:00,7430.25,7437.0,7421.5,7435.75,63317
2026-05-11T10:45:00,7435.75,7445.75,7432.5,7443.0,45393
2026-05-11T11:00:00,7442.75,7443.75,7436.75,7437.5,25827
2026-05-11T11:15:00,7437.5,7447.25,7435.75,7447.0,26980
2026-05-11T11:30:00,7447.0,7448.25,7443.25,7444.75,33043
2026-05-11T11:45:00,7445.0,7449.75,7443.5,7448.5,27214
2026-05-11T12:00:00,7448.25,7449.25,7446.25,7447.25,15580
2026-05-11T12:15:00,7447.25,7450.5,7445.5,7449.5,19418
2026-05-11T12:30:00,7449.5,7450.5,7434.25,7442.75,42560
2026-05-11T12:45:00,7442.75,7445.25,7436.5,7439.5,28376
2026-05-11T13:00:00,7439.5,7442.75,7436.0,7436.75,18920
2026-05-11T13:15:00,7436.5,7444.75,7434.75,7444.0,25492
2026-05-11T13:30:00,7444.0,7453.0,7444.0,7452.5,24674
2026-05-11T13:45:00,7452.75,7454.75,7447.75,7448.0,19779
2026-05-11T14:00:00,7448.25,7452.75,7448.0,7449.75,15604
2026-05-11T14:15:00,7449.5,7451.5,7447.0,7449.5,17441
2026-05-11T14:30:00,7449.75,7449.75,7442.25,7443.75,20708
2026-05-11T14:45:00,7443.75,7444.0,7431.0,7431.25,32949
2026-05-11T15:00:00,7431.5,7438.0,7428.0,7434.0,42294
2026-05-11T15:15:00,7433.75,7434.25,7427.5,7431.25,30166
2026-05-11T15:30:00,7431.25,7435.0,7428.25,7428.5,31041
2026-05-11T15:45:00,7428.25,7439.0,7427.75,7438.75,104924
2026-05-12T09:30:00,7414.0,7417.5,7400.25,7412.25,85799
2026-05-12T09:45:00,7412.5,7414.0,7393.5,7396.25,77730
2026-05-12T10:00:00,7396.0,7406.5,7391.5,7406.0,72353
2026-05-12T10:15:00,7406.25,7408.75,7390.5,7394.25,56066
2026-05-12T10:30:00,7394.25,7397.0,7380.0,7391.25,82284
2026-05-12T10:45:00,7391.25,7391.5,7381.75,7383.0,49213
2026-05-12T11:00:00,7383.0,7385.5,7376.75,7377.25,51136
2026-05-12T11:15:00,7377.25,7377.5,7363.25,7368.25,67290
2026-05-12T11:30:00,7368.25,7380.75,7366.0,7380.25,49663
2026-05-12T11:45:00,7380.5,7382.75,7368.75,7369.75,37008
2026-05-12T12:00:00,7370.0,7380.0,7366.25,7378.5,37306
2026-05-12T12:15:00,7378.5,7379.25,7370.75,7372.5,23986
2026-05-12T12:30:00,7372.5,7375.5,7367.0,7369.5,29117
2026-05-12T12:45:00,7369.25,7371.0,7363.5,7366.25,30011
2026-05-12T13:00:00,7366.25,7379.25,7365.25,7378.5,33936
2026-05-12T13:15:00,7378.25,7395.75,7378.25,7388.75,47307
2026-05-12T13:30:00,7388.75,7395.25,7386.75,7393.0,35767
2026-05-12T13:45:00,7393.25,7397.25,7389.0,7396.0,31013
2026-05-12T14:00:00,7396.0,7397.75,7391.75,7395.75,34013
2026-05-12T14:15:00,7395.75,7410.0,7395.25,7407.0,46833
2026-05-12T14:30:00,7407.0,7409.75,7403.5,7407.5,27535
2026-05-12T14:45:00,7407.5,7410.5,7402.75,7405.25,27444
2026-05-12T15:00:00,7405.25,7418.5,7404.75,7416.25,31140
2026-05-12T15:15:00,7416.5,7419.5,7410.5,7416.0,27520
2026-05-12T15:30:00,7416.0,7425.75,7415.75,7425.0,35935
2026-05-12T15:45:00,7424.75,7433.75,7422.5,7428.0,152062
2026-05-13T09:30:00,7429.25,7429.5,7409.5,7413.5,86381
2026-05-13T09:45:00,7413.5,7417.0,7399.0,7413.5,77631
2026-05-13T10:00:00,7413.25,7421.75,7412.25,7420.5,51389
2026-05-13T10:15:00,7420.25,7432.0,7416.0,7427.5,48971
2026-05-13T10:30:00,7427.5,7431.5,7422.0,7428.25,40088
2026-05-13T10:45:00,7428.5,7434.5,7425.25,7433.0,30602
2026-05-13T11:00:00,7433.0,7438.25,7431.25,7434.0,32945
2026-05-13T11:15:00,7434.0,7438.25,7433.75,7437.25,22484
2026-05-13T11:30:00,7437.25,7447.0,7434.0,7445.75,34858
2026-05-13T11:45:00,7445.75,7445.75,7440.0,7442.0,26639
2026-05-13T12:00:00,7442.0,7451.5,7439.75,7451.25,27865
2026-05-13T12:15:00,7451.25,7464.75,7449.5,7462.5,45783
2026-05-13T12:30:00,7462.25,7463.5,7458.75,7461.0,31229
2026-05-13T12:45:00,7461.0,7467.75,7459.0,7465.25,28390
2026-05-13T13:00:00,7465.5,7474.0,7465.5,7471.5,24398
2026-05-13T13:15:00,7471.5,7473.0,7467.75,7471.0,20545
2026-05-13T13:30:00,7470.75,7471.75,7466.5,7471.0,18337
2026-05-13T13:45:00,7471.0,7472.5,7466.0,7466.25,14889
2026-05-13T14:00:00,7466.25,7478.75,7465.75,7478.25,24515
2026-05-13T14:15:00,7478.25,7483.75,7478.25,7480.25,31023
2026-05-13T14:30:00,7480.25,7480.25,7473.25,7473.25,24579
2026-05-13T14:45:00,7473.5,7478.5,7470.75,7471.5,28454
2026-05-13T15:00:00,7471.5,7480.5,7471.25,7480.25,26664
2026-05-13T15:15:00,7480.5,7482.25,7475.0,7479.75,24169
2026-05-13T15:30:00,7479.75,7480.25,7475.0,7479.75,21863
2026-05-13T15:45:00,7479.75,7481.25,7467.75,7468.5,111051
2026-05-14T09:30:00,7481.0,7500.5,7479.75,7498.25,74362
2026-05-14T09:45:00,7498.25,7503.25,7485.75,7488.5,68643
2026-05-14T10:00:00,7488.5,7500.75,7486.75,7499.25,48278
2026-05-14T10:15:00,7499.25,7508.0,7498.75,7503.75,45894
2026-05-14T10:30:00,7503.75,7514.75,7501.5,7514.5,40968
2026-05-14T10:45:00,7514.5,7520.0,7514.5,7516.5,50388
2026-05-14T11:00:00,7516.5,7525.0,7515.75,7525.0,36978
2026-05-14T11:15:00,7525.0,7533.0,7525.0,7530.0,42387
2026-05-14T11:30:00,7529.75,7533.0,7526.75,7532.25,35392
2026-05-14T11:45:00,7532.25,7537.5,7530.5,7537.25,32064
2026-05-14T12:00:00,7537.0,7540.0,7533.75,7534.25,33676
2026-05-14T12:15:00,7534.0,7538.0,7522.75,7524.25,43334
2026-05-14T12:30:00,7524.5,7527.75,7518.0,7522.75,47038
2026-05-14T12:45:00,7522.75,7526.75,7515.75,7522.75,40582
2026-05-14T13:00:00,7522.5,7527.5,7513.75,7515.0,33350
2026-05-14T13:15:00,7515.0,7516.25,7507.0,7513.5,50086
2026-05-14T13:30:00,7513.5,7523.75,7511.0,7521.5,31834
2026-05-14T13:45:00,7521.75,7527.0,7521.0,7521.5,23518
2026-05-14T14:00:00,7521.5,7522.75,7511.0,7522.75,40527
2026-05-14T14:15:00,7522.5,7527.5,7518.0,7519.75,28270
2026-05-14T14:30:00,7520.0,7525.25,7517.75,7521.75,19098
2026-05-14T14:45:00,7522.0,7528.0,7519.5,7527.5,23325
2026-05-14T15:00:00,7527.5,7531.25,7526.0,7528.5,25439
2026-05-14T15:15:00,7528.25,7530.75,7524.25,7525.0,22701
2026-05-14T15:30:00,7525.25,7531.25,7524.0,7529.75,24985
2026-05-14T15:45:00,7529.5,7530.5,7522.5,7526.0,106816
2026-05-15T09:30:00,7459.5,7462.0,7427.0,7427.5,131203
2026-05-15T09:45:00,7427.5,7451.0,7420.25,7432.25,106282
2026-05-15T10:00:00,7432.5,7452.25,7430.25,7452.0,80204
2026-05-15T10:15:00,7452.0,7467.75,7448.5,7452.25,91668
2026-05-15T10:30:00,7452.5,7463.75,7451.75,7461.5,60146
2026-05-15T10:45:00,7461.25,7462.25,7444.25,7450.5,61896
2026-05-15T11:00:00,7450.5,7455.25,7442.0,7449.75,49575
2026-05-15T11:15:00,7449.75,7458.75,7448.0,7453.5,38769
2026-05-15T11:30:00,7453.25,7460.5,7438.75,7442.0,49955
2026-05-15T11:45:00,7442.0,7444.75,7431.75,7443.75,52459
2026-05-15T12:00:00,7443.75,7447.25,7437.25,7445.0,37686
2026-05-15T12:15:00,7444.75,7454.75,7439.25,7454.0,29752
2026-05-15T12:30:00,7454.0,7457.25,7450.75,7456.25,25220
2026-05-15T12:45:00,7456.5,7458.0,7443.0,7450.25,28126
2026-05-15T13:00:00,7450.5,7458.25,7447.5,7457.25,23060
2026-05-15T13:15:00,7457.5,7470.5,7453.5,7466.5,33246
2026-05-15T13:30:00,7466.5,7469.75,7461.5,7465.25,25820
2026-05-15T13:45:00,7465.0,7471.0,7463.25,7470.75,19797
2026-05-15T14:00:00,7470.75,7475.75,7470.0,7471.0,26967
2026-05-15T14:15:00,7470.75,7471.5,7456.0,7458.25,40376
2026-05-15T14:30:00,7458.25,7459.25,7445.25,7454.75,39472
2026-05-15T14:45:00,7454.75,7459.75,7449.75,7457.0,26013
2026-05-15T15:00:00,7457.0,7458.5,7443.75,7447.0,34828
2026-05-15T15:15:00,7446.75,7448.5,7441.0,7442.75,32610
2026-05-15T15:30:00,7442.5,7449.5,7440.5,7441.5,36803
2026-05-15T15:45:00,7441.5,7445.75,7427.0,7432.5,169195
2026-05-18T09:30:00,7438.25,7440.75,7419.5,7420.0,102595
2026-05-18T09:45:00,7420.0,7454.25,7415.25,7445.75,95019
2026-05-18T10:00:00,7445.75,7447.0,7425.75,7439.25,88928
2026-05-18T10:15:00,7439.0,7448.0,7432.25,7435.25,58032
2026-05-18T10:30:00,7435.0,7438.5,7404.25,7423.0,90326
2026-05-18T10:45:00,7423.0,7428.0,7412.5,7423.0,57834
2026-05-18T11:00:00,7423.0,7430.5,7404.75,7412.25,73651
2026-05-18T11:15:00,7412.25,7414.25,7395.25,7396.25,51322
2026-05-18T11:30:00,7396.25,7414.0,7391.75,7402.5,48686
2026-05-18T11:45:00,7402.25,7411.75,7399.75,7403.0,32761
2026-05-18T12:00:00,7403.0,7409.25,7396.75,7409.25,36510
2026-05-18T12:15:00,7409.0,7419.0,7384.75,7388.25,62315
2026-05-18T12:30:00,7388.25,7401.0,7381.75,7391.25,47218
2026-05-18T12:45:00,7391.25,7413.5,7391.0,7404.75,45163
2026-05-18T13:00:00,7405.0,7414.75,7399.25,7407.5,34591
2026-05-18T13:15:00,7407.25,7414.0,7405.5,7413.5,21762
2026-05-18T13:30:00,7413.5,7414.0,7402.0,7407.75,27989
2026-05-18T13:45:00,7408.0,7413.0,7403.25,7410.0,19753
2026-05-18T14:00:00,7410.0,7411.25,7390.0,7390.25,34449
2026-05-18T14:15:00,7390.5,7391.25,7376.5,7387.0,47562
2026-05-18T14:30:00,7387.0,7391.75,7379.25,7385.5,33553
2026-05-18T14:45:00,7385.5,7387.25,7373.5,7376.5,39026
2026-05-18T15:00:00,7376.5,7420.5,7376.0,7400.75,107821
2026-05-18T15:15:00,7400.75,7405.25,7386.5,7395.0,42135
2026-05-18T15:30:00,7395.0,7419.0,7392.75,7418.5,47665
2026-05-18T15:45:00,7418.25,7428.0,7415.75,7426.5,118310
2026-05-19T09:30:00,7386.75,7396.0,7373.5,7375.0,116601
2026-05-19T09:45:00,7375.0,7402.0,7370.0,7392.0,101818
2026-05-19T10:00:00,7392.5,7393.0,7367.0,7368.0,104890
2026-05-19T10:15:00,7368.0,7370.5,7356.25,7363.25,91610
2026-05-19T10:30:00,7363.25,7374.0,7359.25,7366.5,64996
2026-05-19T10:45:00,7366.5,7371.0,7354.25,7370.75,58109
2026-05-19T11:00:00,7370.75,7376.25,7365.5,7374.5,52788
2026-05-19T11:15:00,7374.75,7378.75,7355.75,7361.25,55396
2026-05-19T11:30:00,7361.25,7378.5,7359.25,7374.25,50680
2026-05-19T11:45:00,7374.5,7378.5,7364.5,7368.75,33596
2026-05-19T12:00:00,7368.75,7379.0,7361.75,7366.75,37398
2026-05-19T12:15:00,7367.0,7386.5,7366.5,7384.0,39266
2026-05-19T12:30:00,7384.0,7393.5,7382.25,7393.25,43415
2026-05-19T12:45:00,7393.25,7402.0,7391.25,7400.25,39913
2026-05-19T13:00:00,7400.25,7409.25,7398.25,7407.75,32790
2026-05-19T13:15:00,7407.75,7415.25,7406.25,7409.0,39820
2026-05-19T13:30:00,7409.0,7414.75,7406.0,7410.25,31491
2026-05-19T13:45:00,7410.25,7410.5,7399.25,7406.75,33740
2026-05-19T14:00:00,7406.75,7411.75,7404.75,7408.75,25938
2026-05-19T14:15:00,7408.5,7410.0,7396.75,7397.5,38004
2026-05-19T14:30:00,7397.5,7402.25,7394.0,7397.0,32781
2026-05-19T14:45:00,7397.0,7397.25,7380.0,7383.0,35851
2026-05-19T15:00:00,7382.75,7399.5,7382.0,7399.0,35247
2026-05-19T15:15:00,7399.25,7400.5,7377.5,7386.5,36667
2026-05-19T15:30:00,7386.5,7389.25,7376.5,7377.5,31483
2026-05-19T15:45:00,7377.5,7379.5,7365.0,7377.5,159768
2026-05-20T09:30:00,7394.75,7400.0,7380.75,7398.25,97971
2026-05-20T09:45:00,7398.0,7410.5,7391.25,7399.5,70556
2026-05-20T10:00:00,7399.75,7401.0,7376.75,7391.25,74057
2026-05-20T10:15:00,7391.25,7423.75,7390.0,7417.75,115421
2026-05-20T10:30:00,7417.5,7428.75,7412.75,7421.5,73390
2026-05-20T10:45:00,7421.5,7433.75,7414.5,7430.75,56125
2026-05-20T11:00:00,7430.75,7434.0,7424.5,7426.5,38988
2026-05-20T11:15:00,7426.5,7458.0,7426.5,7431.0,118521
2026-05-20T11:30:00,7431.5,7443.25,7431.25,7442.0,41806
2026-05-20T11:45:00,7442.0,7448.5,7438.0,7441.25,37093
2026-05-20T12:00:00,7441.5,7444.25,7437.25,7439.75,23347
2026-05-20T12:15:00,7439.5,7440.25,7424.0,7428.0,44947
2026-05-20T12:30:00,7428.25,7438.25,7423.75,7438.0,35925
2026-05-20T12:45:00,7437.75,7439.0,7425.5,7432.5,32365
2026-05-20T13:00:00,7432.75,7440.0,7426.25,7435.25,32649
2026-05-20T13:15:00,7435.0,7442.5,7433.75,7440.25,26284
2026-05-20T13:30:00,7440.5,7446.0,7436.75,7441.5,27485
2026-05-20T13:45:00,7441.5,7442.25,7434.75,7437.25,17032
2026-05-20T14:00:00,7437.5,7443.75,7432.0,7439.25,21611
2026-05-20T14:15:00,7439.25,7441.75,7435.0,7439.75,19372
2026-05-20T14:30:00,7439.5,7447.25,7436.25,7436.75,23885
2026-05-20T14:45:00,7436.5,7441.75,7435.25,7440.25,20168
2026-05-20T15:00:00,7440.5,7446.0,7439.0,7444.25,22388
2026-05-20T15:15:00,7444.0,7448.5,7442.75,7447.0,18172
2026-05-20T15:30:00,7447.0,7455.0,7444.25,7451.25,28753
2026-05-20T15:45:00,7451.0,7453.75,7444.5,7451.75,95826
2026-05-21T09:30:00,7423.75,7424.5,7411.25,7413.25,87926
2026-05-21T09:45:00,7413.75,7439.5,7410.5,7435.5,96616
2026-05-21T10:00:00,7435.25,7443.75,7429.5,7431.5,63423
2026-05-21T10:15:00,7431.25,7432.75,7411.5,7422.25,79946
2026-05-21T10:30:00,7422.25,7430.25,7417.0,7422.75,47317
2026-05-21T10:45:00,7422.75,7430.0,7413.5,7426.75,44193
2026-05-21T11:00:00,7426.75,7430.75,7408.5,7427.0,74074
2026-05-21T11:15:00,7427.0,7431.0,7424.0,7425.25,47999
2026-05-21T11:30:00,7425.0,7430.75,7415.0,7428.5,43650
2026-05-21T11:45:00,7428.5,7435.75,7428.25,7430.0,29698
2026-05-21T12:00:00,7430.25,7437.0,7429.5,7431.75,35441
2026-05-21T12:15:00,7431.75,7432.75,7420.75,7425.25,26934
2026-05-21T12:30:00,7425.25,7429.0,7420.75,7426.5,20947
2026-05-21T12:45:00,7426.5,7429.0,7418.0,7426.25,23993
2026-05-21T13:00:00,7426.25,7449.25,7426.25,7442.25,56474
2026-05-21T13:15:00,7442.25,7468.0,7440.75,7459.0,90883
2026-05-21T13:30:00,7459.0,7474.0,7457.0,7473.0,44029
2026-05-21T13:45:00,7473.0,7486.75,7469.0,7474.5,52826
2026-05-21T14:00:00,7474.5,7478.75,7464.75,7466.25,56781
2026-05-21T14:15:00,7466.25,7473.75,7463.0,7471.0,30992
2026-05-21T14:30:00,7470.75,7474.5,7466.5,7472.5,23250
2026-05-21T14:45:00,7472.5,7474.0,7438.0,7447.75,84675
2026-05-21T15:00:00,7447.5,7463.0,7447.25,7462.75,40319
2026-05-21T15:15:00,7462.75,7466.5,7461.25,7464.5,26831
2026-05-21T15:30:00,7464.25,7467.75,7458.5,7461.5,24996
2026-05-21T15:45:00,7461.25,7469.75,7456.75,7465.0,116019
2026-05-22T09:30:00,7496.75,7516.25,7491.0,7508.5,87488
2026-05-22T09:45:00,7508.25,7515.75,7500.5,7509.75,52173
2026-05-22T10:00:00,7510.0,7510.0,7486.0,7489.75,61548
2026-05-22T10:15:00,7490.0,7495.0,7478.75,7491.25,48489
2026-05-22T10:30:00,7491.25,7499.75,7488.5,7498.0,37040
2026-05-22T10:45:00,7498.0,7501.75,7492.0,7499.5,30699
2026-05-22T11:00:00,7499.5,7506.0,7498.75,7504.75,26324
2026-05-22T11:15:00,7504.75,7513.75,7503.25,7513.5,28974
2026-05-22T11:30:00,7513.5,7515.25,7509.0,7512.0,27934
2026-05-22T11:45:00,7512.25,7513.0,7507.75,7510.75,21974
2026-05-22T12:00:00,7510.75,7512.25,7506.0,7508.5,22821
2026-05-22T12:15:00,7508.25,7508.5,7502.75,7508.25,22329
2026-05-22T12:30:00,7508.25,7511.0,7502.75,7504.5,18542
2026-05-22T12:45:00,7504.5,7510.0,7504.5,7507.25,16565
2026-05-22T13:00:00,7507.25,7513.5,7507.0,7510.5,17350
2026-05-22T13:15:00,7510.75,7522.5,7501.5,7522.25,54402
2026-05-22T13:30:00,7522.0,7524.0,7512.25,7514.75,38986
2026-05-22T13:45:00,7514.75,7515.5,7505.25,7508.25,23093
2026-05-22T14:00:00,7508.25,7511.5,7502.5,7506.5,23650
2026-05-22T14:15:00,7506.5,7510.25,7503.75,7507.0,16453
2026-05-22T14:30:00,7507.25,7509.0,7502.25,7507.5,22506
2026-05-22T14:45:00,7507.75,7509.0,7503.5,7505.5,15066
2026-05-22T15:00:00,7505.5,7506.75,7495.5,7498.0,32585
2026-05-22T15:15:00,7498.0,7498.75,7489.0,7489.75,24450
2026-05-22T15:30:00,7490.0,7495.5,7486.5,7490.5,29712
2026-05-22T15:45:00,7490.75,7497.0,7483.75,7490.5,85155
2026-05-26T09:30:00,7534.0,7540.75,7525.0,7540.0,82206
2026-05-26T09:45:00,7540.0,7545.0,7529.5,7541.5,65568
2026-05-26T10:00:00,7541.5,7548.5,7539.0,7548.25,44247
2026-05-26T10:15:00,7548.25,7552.75,7545.25,7549.75,38838
2026-05-26T10:30:00,7549.5,7555.25,7547.25,7554.25,38263
2026-05-26T10:45:00,7554.25,7554.75,7545.75,7547.75,32020
2026-05-26T11:00:00,7548.0,7548.75,7537.25,7539.5,49017
2026-05-26T11:15:00,7539.5,7539.5,7530.75,7532.0,42565
2026-05-26T11:30:00,7532.0,7533.75,7525.25,7527.25,40898
2026-05-26T11:45:00,7527.25,7527.75,7517.0,7523.25,47607
2026-05-26T12:00:00,7523.0,7527.75,7519.75,7522.5,28417
2026-05-26T12:15:00,7522.5,7531.25,7521.5,7530.75,20628
2026-05-26T12:30:00,7531.0,7534.0,7525.5,7526.0,25312
2026-05-26T12:45:00,7526.0,7528.0,7522.0,7523.5,22082
2026-05-26T13:00:00,7523.5,7528.0,7522.5,7526.25,17626
2026-05-26T13:15:00,7526.25,7526.75,7518.5,7519.75,19931
2026-05-26T13:30:00,7519.75,7525.0,7518.25,7522.0,16888
2026-05-26T13:45:00,7522.0,7526.75,7521.25,7524.0,14754
2026-05-26T14:00:00,7523.75,7530.75,7521.5,7530.0,16751
2026-05-26T14:15:00,7530.25,7533.75,7529.5,7530.0,19806
2026-05-26T14:30:00,7530.0,7533.75,7527.5,7527.5,16789
2026-05-26T14:45:00,7527.5,7529.5,7523.75,7524.75,19413
2026-05-26T15:00:00,7524.5,7528.0,7522.0,7525.5,21143
2026-05-26T15:15:00,7525.25,7529.25,7525.25,7528.75,18994
2026-05-26T15:30:00,7528.5,7539.0,7528.5,7538.75,28505
2026-05-26T15:45:00,7538.75,7542.5,7534.25,7539.25,98106
2026-05-27T09:30:00,7541.75,7546.25,7525.5,7528.25,92142
2026-05-27T09:45:00,7528.25,7538.25,7526.25,7538.0,72362
2026-05-27T10:00:00,7538.0,7546.25,7534.5,7541.5,60234
2026-05-27T10:15:00,7541.5,7547.0,7528.75,7533.75,60999
2026-05-27T10:30:00,7533.75,7543.5,7525.75,7537.5,64160
2026-05-27T10:45:00,7537.75,7538.75,7528.0,7530.0,35901
2026-05-27T11:00:00,7530.0,7534.75,7527.0,7531.5,33591
2026-05-27T11:15:00,7531.5,7531.75,7522.0,7528.5,35109
2026-05-27T11:30:00,7528.75,7535.0,7518.5,7519.25,47742
2026-05-27T11:45:00,7519.25,7526.0,7516.5,7524.25,40490
2026-05-27T12:00:00,7524.25,7530.5,7519.0,7529.0,29988
2026-05-27T12:15:00,7529.0,7531.5,7526.5,7529.5,20318
2026-05-27T12:30:00,7529.75,7537.5,7527.75,7535.5,19208
2026-05-27T12:45:00,7535.75,7539.75,7529.25,7531.0,24348
2026-05-27T13:00:00,7531.0,7532.0,7515.0,7522.0,38594
2026-05-27T13:15:00,7522.0,7528.25,7520.5,7524.75,20249
2026-05-27T13:30:00,7524.75,7532.5,7524.5,7527.25,19547
2026-05-27T13:45:00,7527.0,7533.75,7525.0,7530.75,18280
2026-05-27T14:00:00,7530.5,7534.0,7526.5,7533.5,17199
2026-05-27T14:15:00,7533.75,7541.5,7532.25,7540.5,21863
2026-05-27T14:30:00,7540.5,7542.75,7537.75,7541.75,19889
2026-05-27T14:45:00,7541.75,7544.25,7540.25,7542.0,19520
2026-05-27T15:00:00,7542.0,7545.25,7539.5,7543.0,19540
2026-05-27T15:15:00,7543.0,7543.75,7536.75,7539.5,19451
2026-05-27T15:30:00,7539.25,7542.75,7537.25,7542.5,23792
2026-05-27T15:45:00,7542.75,7542.75,7535.25,7539.75,97479
2026-05-28T09:30:00,7535.25,7537.25,7525.25,7528.5,56757
2026-05-28T09:45:00,7528.75,7537.0,7526.25,7535.75,51636
2026-05-28T10:00:00,7535.75,7574.0,7533.25,7564.5,94959
2026-05-28T10:15:00,7564.5,7569.0,7553.25,7561.25,69664
2026-05-28T10:30:00,7561.5,7563.75,7551.25,7558.5,48780
2026-05-28T10:45:00,7558.5,7563.5,7552.0,7562.75,49359
2026-05-28T11:00:00,7562.75,7573.5,7561.5,7567.0,46467
2026-05-28T11:15:00,7567.25,7575.75,7565.0,7573.5,29764
2026-05-28T11:30:00,7573.5,7576.5,7571.75,7574.25,26830
2026-05-28T11:45:00,7574.25,7577.0,7572.25,7574.75,20040
2026-05-28T12:00:00,7574.75,7576.25,7570.75,7576.0,18493
2026-05-28T12:15:00,7576.0,7582.75,7574.0,7578.0,27834
2026-05-28T12:30:00,7578.0,7578.75,7574.5,7578.5,17640
2026-05-28T12:45:00,7578.25,7582.25,7576.5,7581.0,16731
2026-05-28T13:00:00,7581.0,7582.75,7576.5,7576.75,18325
2026-05-28T13:15:00,7577.0,7579.25,7574.75,7576.5,19160
2026-05-28T13:30:00,7576.75,7579.75,7575.0,7579.0,14814
2026-05-28T13:45:00,7579.0,7583.75,7578.5,7581.0,21791
2026-05-28T14:00:00,7581.0,7583.0,7578.75,7579.25,20048
2026-05-28T14:15:00,7579.25,7582.5,7578.0,7581.75,25702
2026-05-28T14:30:00,7581.75,7582.0,7576.75,7577.75,18828
2026-05-28T14:45:00,7577.75,7580.25,7576.0,7576.75,15520
2026-05-28T15:00:00,7576.5,7579.5,7575.25,7576.75,17433
2026-05-28T15:15:00,7576.75,7582.25,7576.0,7582.25,22035
2026-05-28T15:30:00,7582.0,7586.5,7581.5,7582.25,32199
2026-05-28T15:45:00,7582.25,7584.75,7579.75,7581.75,99333
2026-05-29T09:30:00,7590.5,7606.0,7586.75,7605.75,73278
2026-05-29T09:45:00,7605.75,7610.0,7603.75,7609.0,49287
2026-05-29T10:00:00,7608.75,7611.5,7602.75,7604.0,47060
2026-05-29T10:15:00,7604.25,7604.25,7589.25,7597.0,75309
2026-05-29T10:30:00,7596.75,7600.25,7581.75,7582.75,74143
2026-05-29T10:45:00,7582.25,7598.25,7577.5,7590.75,86937
2026-05-29T11:00:00,7591.0,7603.5,7589.25,7603.5,44773
2026-05-29T11:15:00,7603.25,7604.75,7593.25,7598.25,41883
2026-05-29T11:30:00,7598.5,7604.0,7595.25,7597.5,47244
2026-05-29T11:45:00,7597.25,7599.5,7593.25,7594.75,23991
2026-05-29T12:00:00,7594.75,7605.25,7593.75,7603.25,21668
2026-05-29T12:15:00,7603.25,7604.0,7597.25,7598.0,19629
2026-05-29T12:30:00,7598.0,7608.5,7595.25,7605.25,42283
2026-05-29T12:45:00,7605.0,7606.0,7595.5,7598.25,26318
2026-05-29T13:00:00,7598.0,7600.5,7595.25,7597.75,21323
2026-05-29T13:15:00,7597.75,7600.25,7592.0,7596.0,29966
2026-05-29T13:30:00,7596.25,7597.25,7590.25,7590.75,19309
2026-05-29T13:45:00,7591.0,7593.25,7582.5,7583.5,30552
2026-05-29T14:00:00,7583.25,7591.75,7581.75,7588.0,28645
2026-05-29T14:15:00,7588.0,7594.75,7586.25,7593.5,21765
2026-05-29T14:30:00,7593.5,7598.25,7593.5,7594.75,21094
2026-05-29T14:45:00,7594.75,7594.75,7584.5,7585.25,43273
2026-05-29T15:00:00,7585.25,7595.75,7583.75,7594.5,27588
2026-05-29T15:15:00,7594.5,7599.5,7590.25,7599.25,36075
2026-05-29T15:30:00,7599.5,7607.0,7599.0,7602.5,44917
2026-05-29T15:45:00,7602.5,7604.25,7593.0,7594.5,215288
2026-06-01T09:30:00,7583.0,7595.0,7576.25,7591.25,74845
2026-06-01T09:45:00,7591.5,7596.75,7583.25,7584.75,50309
2026-06-01T10:00:00,7585.25,7594.0,7581.5,7587.75,61094
2026-06-01T10:15:00,7587.75,7596.25,7585.25,7587.0,59409
2026-06-01T10:30:00,7587.0,7590.25,7581.0,7586.25,37452
2026-06-01T10:45:00,7586.25,7588.25,7581.25,7585.0,25794
2026-06-01T11:00:00,7585.0,7591.25,7582.75,7587.5,35229
2026-06-01T11:15:00,7587.5,7592.25,7586.25,7589.75,24005
2026-06-01T11:30:00,7589.75,7603.0,7589.5,7601.25,71846
2026-06-01T11:45:00,7601.5,7601.75,7595.0,7595.5,28208
2026-06-01T12:00:00,7595.5,7600.75,7591.25,7593.5,33567
2026-06-01T12:15:00,7593.5,7596.75,7587.0,7596.25,27444
2026-06-01T12:30:00,7596.25,7601.0,7596.0,7599.0,28024
2026-06-01T12:45:00,7599.0,7609.25,7596.5,7607.75,41161
2026-06-01T13:00:00,7607.75,7608.5,7598.75,7601.25,30655
2026-06-01T13:15:00,7601.5,7614.0,7599.5,7613.75,25221
2026-06-01T13:30:00,7614.0,7632.25,7606.75,7623.5,73272
2026-06-01T13:45:00,7623.5,7629.75,7623.25,7624.25,38488
2026-06-01T14:00:00,7624.25,7627.0,7622.0,7622.75,20158
2026-06-01T14:15:00,7623.0,7628.25,7622.25,7627.25,17119
2026-06-01T14:30:00,7627.25,7628.0,7624.25,7627.75,13242
2026-06-01T14:45:00,7627.75,7627.75,7623.5,7624.25,12906
2026-06-01T15:00:00,7624.25,7626.0,7622.75,7623.5,19435
2026-06-01T15:15:00,7623.5,7626.5,7622.75,7625.75,15037
2026-06-01T15:30:00,7625.5,7625.75,7617.75,7619.0,31173
2026-06-01T15:45:00,7618.75,7620.0,7610.5,7613.75,113978
2026-06-02T09:30:00,7598.25,7605.25,7595.5,7601.0,68718
2026-06-02T09:45:00,7601.25,7605.25,7600.75,7603.75,39570
2026-06-02T10:00:00,7603.5,7611.75,7600.0,7609.5,42949
2026-06-02T10:15:00,7609.5,7612.5,7603.0,7604.75,47862
2026-06-02T10:30:00,7605.0,7617.25,7604.75,7617.0,37333
2026-06-02T10:45:00,7616.75,7625.25,7616.0,7625.25,36541
2026-06-02T11:00:00,7625.25,7630.25,7621.75,7628.0,41042
2026-06-02T11:15:00,7628.0,7632.0,7626.5,7627.0,31973
2026-06-02T11:30:00,7626.75,7628.5,7623.75,7624.75,30527
2026-06-02T11:45:00,7624.75,7627.25,7623.5,7624.75,19135
2026-06-02T12:00:00,7624.75,7627.75,7621.75,7626.75,25204
2026-06-02T12:15:00,7626.5,7626.75,7620.0,7621.25,21330
2026-06-02T12:30:00,7621.25,7623.25,7618.75,7620.75,18955
2026-06-02T12:45:00,7621.0,7627.25,7620.5,7626.5,16987
2026-06-02T13:00:00,7626.5,7627.5,7623.75,7626.75,16263
2026-06-02T13:15:00,7626.75,7626.75,7617.0,7618.0,26152
2026-06-02T13:30:00,7618.0,7621.25,7615.5,7618.75,20426
2026-06-02T13:45:00,7618.75,7621.0,7616.25,7616.5,13956
2026-06-02T14:00:00,7616.75,7621.25,7616.0,7618.5,16866
2026-06-02T14:15:00,7618.25,7619.0,7616.5,7617.5,14219
2026-06-02T14:30:00,7617.5,7620.25,7614.25,7616.25,19083
2026-06-02T14:45:00,7616.5,7619.75,7615.75,7619.0,16000
2026-06-02T15:00:00,7619.0,7622.75,7618.75,7620.5,18478
2026-06-02T15:15:00,7620.5,7623.75,7620.0,7621.5,17521
2026-06-02T15:30:00,7621.5,7623.0,7620.0,7620.25,15711
2026-06-02T15:45:00,7620.0,7625.25,7619.5,7623.5,95104
2026-06-03T09:30:00,7608.5,7614.75,7592.0,7592.5,82461
2026-06-03T09:45:00,7592.25,7594.5,7574.0,7586.25,97563
2026-06-03T10:00:00,7586.5,7596.5,7585.0,7596.25,52552
2026-06-03T10:15:00,7596.0,7597.0,7586.5,7595.0,44717
2026-06-03T10:30:00,7594.75,7597.25,7590.75,7591.5,31193
2026-06-03T10:45:00,7591.5,7592.25,7583.75,7588.75,34843
2026-06-03T11:00:00,7589.0,7592.25,7585.5,7587.25,24376
2026-06-03T11:15:00,7587.25,7589.75,7580.5,7588.5,31619
2026-06-03T11:30:00,7588.5,7590.0,7578.0,7579.0,36704
2026-06-03T11:45:00,7579.0,7582.75,7574.75,7579.25,29409
2026-06-03T12:00:00,7579.25,7582.0,7576.75,7579.75,24296
2026-06-03T12:15:00,7579.5,7579.5,7565.75,7570.0,41428
2026-06-03T12:30:00,7570.0,7573.5,7562.5,7567.5,32927
2026-06-03T12:45:00,7567.5,7578.75,7567.25,7578.25,39476
2026-06-03T13:00:00,7578.0,7578.75,7568.0,7569.75,32072
2026-06-03T13:15:00,7569.75,7573.75,7567.0,7573.25,20340
2026-06-03T13:30:00,7573.25,7581.0,7568.75,7579.0,22231
2026-06-03T13:45:00,7579.25,7585.0,7577.75,7583.0,21140
2026-06-03T14:00:00,7583.0,7583.75,7578.5,7580.5,17636
2026-06-03T14:15:00,7580.5,7587.75,7577.25,7587.25,25643
2026-06-03T14:30:00,7587.25,7588.0,7582.5,7584.5,22855
2026-06-03T14:45:00,7584.5,7586.5,7582.25,7583.5,15647
2026-06-03T15:00:00,7583.5,7583.5,7574.25,7577.5,32314
2026-06-03T15:15:00,7577.5,7581.75,7573.5,7575.75,28992
2026-06-03T15:30:00,7575.75,7582.75,7573.5,7580.5,33844
2026-06-03T15:45:00,7580.5,7582.5,7568.5,7572.5,151909
2026-06-04T09:30:00,7548.25,7561.5,7541.75,7548.25,87245
2026-06-04T09:45:00,7548.25,7564.5,7543.5,7559.5,59160
2026-06-04T10:00:00,7559.25,7564.25,7549.75,7561.75,58466
2026-06-04T10:15:00,7561.75,7570.5,7558.25,7568.0,44335
2026-06-04T10:30:00,7567.75,7569.75,7562.25,7566.0,44299
2026-06-04T10:45:00,7565.75,7570.0,7561.25,7569.75,28860
2026-06-04T11:00:00,7569.5,7584.0,7569.5,7583.25,45030
2026-06-04T11:15:00,7583.5,7587.5,7581.25,7586.5,33182
2026-06-04T11:30:00,7586.5,7587.5,7579.5,7580.75,26048
2026-06-04T11:45:00,7580.75,7582.5,7575.5,7581.0,28999
2026-06-04T12:00:00,7581.25,7592.0,7579.5,7590.25,23709
2026-06-04T12:15:00,7590.25,7595.0,7590.25,7593.5,20080
2026-06-04T12:30:00,7593.5,7596.75,7588.5,7596.0,27532
2026-06-04T12:45:00,7595.75,7597.5,7593.5,7596.5,16884
2026-06-04T13:00:00,7596.5,7598.0,7594.0,7596.5,18773
2026-06-04T13:15:00,7596.5,7600.0,7594.25,7599.5,17010
2026-06-04T13:30:00,7599.25,7602.5,7598.25,7600.75,20794
2026-06-04T13:45:00,7600.75,7605.5,7599.25,7604.75,15115
2026-06-04T14:00:00,7604.75,7607.0,7603.75,7604.75,21407
2026-06-04T14:15:00,7605.0,7607.5,7603.5,7606.0,16841
2026-06-04T14:30:00,7606.0,7607.5,7604.0,7605.75,14240
2026-06-04T14:45:00,7606.0,7608.0,7603.0,7604.5,15986
2026-06-04T15:00:00,7604.5,7609.0,7604.25,7606.0,19052
2026-06-04T15:15:00,7606.25,7611.25,7604.0,7611.0,21837
2026-06-04T15:30:00,7611.0,7611.5,7606.0,7606.5,24423
2026-06-04T15:45:00,7606.25,7609.0,7598.25,7599.75,120657
2026-06-05T09:30:00,7548.0,7553.0,7526.5,7527.25,106168
2026-06-05T09:45:00,7527.25,7531.0,7510.5,7511.25,102528
2026-06-05T10:00:00,7511.25,7526.5,7505.75,7525.0,112936
2026-06-05T10:15:00,7525.0,7533.5,7512.75,7516.25,66148
2026-06-05T10:30:00,7516.25,7531.5,7515.0,7519.75,60574
2026-06-05T10:45:00,7519.5,7525.0,7515.0,7523.0,47532
2026-06-05T11:00:00,7523.0,7526.25,7507.25,7507.5,45473
2026-06-05T11:15:00,7507.25,7512.25,7499.75,7505.75,52327
2026-06-05T11:30:00,7505.5,7509.0,7488.25,7490.0,60967
2026-06-05T11:45:00,7490.0,7494.25,7486.25,7490.25,47852
2026-06-05T12:00:00,7490.0,7490.5,7474.25,7479.0,58075
2026-06-05T12:15:00,7478.75,7480.0,7470.5,7471.75,47459
2026-06-05T12:30:00,7471.75,7472.5,7453.25,7456.5,63313
2026-06-05T12:45:00,7456.5,7470.75,7449.0,7469.75,72703
2026-06-05T13:00:00,7469.75,7470.25,7453.75,7458.5,44403
2026-06-05T13:15:00,7458.5,7466.0,7452.0,7464.75,42191
2026-06-05T13:30:00,7464.75,7477.75,7459.75,7462.5,48743
2026-06-05T13:45:00,7462.75,7472.0,7460.75,7471.25,36612
2026-06-05T14:00:00,7471.5,7472.5,7445.5,7445.75,46051
2026-06-05T14:15:00,7445.75,7446.25,7429.5,7433.25,65678
2026-06-05T14:30:00,7433.25,7435.75,7421.75,7424.75,58482
2026-06-05T14:45:00,7424.75,7426.5,7409.25,7416.25,89048
2026-06-05T15:00:00,7416.25,7418.0,7393.5,7396.75,70781
2026-06-05T15:15:00,7396.75,7409.75,7379.75,7409.0,101125
2026-06-05T15:30:00,7409.0,7413.0,7394.5,7402.75,93908
2026-06-05T15:45:00,7402.75,7423.0,7397.25,7400.25,203876
2026-06-08T09:30:00,7457.5,7469.25,7438.0,7450.5,114103
2026-06-08T09:45:00,7450.5,7460.5,7431.0,7431.5,79632
2026-06-08T10:00:00,7431.25,7448.5,7429.0,7439.5,70483
2026-06-08T10:15:00,7439.25,7453.25,7431.5,7448.0,55222
2026-06-08T10:30:00,7447.75,7459.75,7442.0,7448.25,57303
2026-06-08T10:45:00,7448.25,7473.5,7448.25,7473.25,52346
2026-06-08T11:00:00,7473.0,7476.75,7468.5,7470.5,41199
2026-06-08T11:15:00,7470.75,7475.5,7453.75,7455.25,51424
2026-06-08T11:30:00,7455.25,7461.5,7440.75,7459.5,59415
2026-06-08T11:45:00,7459.5,7466.0,7447.0,7450.0,40144
2026-06-08T12:00:00,7450.0,7455.0,7444.25,7453.0,32219
2026-06-08T12:15:00,7453.25,7462.25,7443.25,7443.75,31508
2026-06-08T12:30:00,7444.0,7448.5,7437.25,7443.25,33466
2026-06-08T12:45:00,7443.25,7452.0,7441.0,7441.5,24938
2026-06-08T13:00:00,7441.5,7442.0,7423.0,7431.5,45207
2026-06-08T13:15:00,7431.5,7443.0,7423.0,7442.5,39813
2026-06-08T13:30:00,7442.5,7446.5,7426.0,7426.25,41155
2026-06-08T13:45:00,7426.25,7439.75,7425.75,7433.75,26953
2026-06-08T14:00:00,7433.75,7445.5,7432.75,7435.25,31552
2026-06-08T14:15:00,7435.0,7443.25,7434.75,7441.75,21245
2026-06-08T14:30:00,7442.0,7447.0,7430.0,7431.5,28832
2026-06-08T14:45:00,7431.5,7438.0,7431.0,7432.0,22455
2026-06-08T15:00:00,7432.0,7434.25,7414.75,7414.75,36985
2026-06-08T15:15:00,7414.75,7419.5,7403.75,7414.5,50166
2026-06-08T15:30:00,7414.5,7424.25,7411.25,7415.75,51013
2026-06-08T15:45:00,7415.75,7422.5,7410.5,7415.75,116423
2026-06-09T09:30:00,7458.75,7475.25,7454.5,7475.25,84753
2026-06-09T09:45:00,7475.25,7491.0,7464.0,7465.5,97139
2026-06-09T10:00:00,7465.25,7472.25,7436.0,7437.25,96351
2026-06-09T10:15:00,7437.0,7443.25,7415.25,7433.5,121818
2026-06-09T10:30:00,7433.25,7439.0,7405.5,7407.75,75958
2026-06-09T10:45:00,7407.75,7410.5,7367.5,7399.0,126001
2026-06-09T11:00:00,7399.0,7405.75,7384.25,7396.5,65786
2026-06-09T11:15:00,7396.75,7398.75,7328.5,7331.5,90060
2026-06-09T11:30:00,7331.75,7346.25,7326.0,7339.5,110958
2026-06-09T11:45:00,7339.75,7349.0,7311.0,7312.25,87157
2026-06-09T12:00:00,7312.25,7327.25,7299.25,7307.0,101052
2026-06-09T12:15:00,7307.0,7307.25,7274.75,7295.0,117185
2026-06-09T12:30:00,7295.0,7307.5,7247.25,7268.0,134659
2026-06-09T12:45:00,7268.0,7288.25,7257.0,7287.5,74437
2026-06-09T13:00:00,7287.25,7312.0,7285.25,7307.25,63292
2026-06-09T13:15:00,7307.0,7334.5,7300.5,7329.0,57528
2026-06-09T13:30:00,7328.75,7361.5,7323.5,7351.0,53532
2026-06-09T13:45:00,7351.25,7353.75,7331.0,7347.5,56362
2026-06-09T14:00:00,7347.75,7359.5,7342.5,7354.25,37229
2026-06-09T14:15:00,7354.0,7373.5,7347.25,7373.0,39948
2026-06-09T14:30:00,7373.25,7384.75,7364.75,7366.0,45495
2026-06-09T14:45:00,7366.25,7393.5,7365.25,7389.5,44190
2026-06-09T15:00:00,7389.25,7398.75,7373.25,7374.75,46504
2026-06-09T15:15:00,7375.0,7376.25,7353.75,7367.75,58698
2026-06-09T15:30:00,7367.5,7372.0,7347.75,7356.25,53212
2026-06-09T15:45:00,7356.0,7395.5,7347.25,7391.75,164657
2026-06-10T09:30:00,7354.75,7382.5,7335.25,7382.25,97545
2026-06-10T09:45:00,7382.0,7390.5,7367.5,7378.0,76320
2026-06-10T10:00:00,7378.0,7396.75,7370.75,7387.5,60720
2026-06-10T10:15:00,7387.75,7404.75,7378.5,7392.75,54996
2026-06-10T10:30:00,7392.5,7400.0,7376.25,7376.5,45281
2026-06-10T10:45:00,7376.5,7381.75,7343.0,7349.25,74884
2026-06-10T11:00:00,7349.0,7364.75,7326.75,7327.5,73296
2026-06-10T11:15:00,7327.5,7346.25,7315.5,7334.75,65287
2026-06-10T11:30:00,7334.75,7346.5,7321.0,7343.0,47171
2026-06-10T11:45:00,7343.0,7348.5,7305.0,7340.25,85866
2026-06-10T12:00:00,7340.25,7346.0,7319.5,7323.0,38014
2026-06-10T12:15:00,7323.0,7331.5,7319.5,7327.25,26416
2026-06-10T12:30:00,7327.25,7344.0,7320.5,7328.75,33322
2026-06-10T12:45:00,7329.0,7331.0,7314.5,7324.0,32865
2026-06-10T13:00:00,7324.0,7334.5,7307.5,7310.5,31193
2026-06-10T13:15:00,7310.25,7318.75,7307.25,7317.0,23299
2026-06-10T13:30:00,7316.75,7317.5,7299.0,7300.25,30194
2026-06-10T13:45:00,7300.5,7328.75,7299.25,7327.25,46764
2026-06-10T14:00:00,7327.25,7338.5,7325.0,7328.0,28919
2026-06-10T14:15:00,7328.0,7333.5,7313.5,7316.0,25946
2026-06-10T14:30:00,7316.25,7316.5,7301.5,7305.75,28428
2026-06-10T14:45:00,7305.75,7306.25,7290.5,7295.25,39044
2026-06-10T15:00:00,7295.0,7302.25,7288.75,7291.5,37667
2026-06-10T15:15:00,7291.75,7293.25,7276.0,7281.25,43103
2026-06-10T15:30:00,7281.0,7298.75,7278.0,7294.0,48888
2026-06-10T15:45:00,7293.75,7300.75,7275.25,7276.0,124699
2026-06-11T09:30:00,7307.75,7311.0,7283.0,7291.25,113771
2026-06-11T09:45:00,7291.25,7335.5,7287.25,7317.0,102323
2026-06-11T10:00:00,7317.25,7335.75,7297.25,7298.25,87479
2026-06-11T10:15:00,7298.25,7317.5,7289.0,7308.0,90107
2026-06-11T10:30:00,7308.0,7320.25,7296.5,7305.5,62469
2026-06-11T10:45:00,7305.25,7309.5,7270.25,7275.5,56089
2026-06-11T11:00:00,7275.5,7298.0,7263.0,7293.0,68778
2026-06-11T11:15:00,7293.0,7307.0,7286.25,7291.25,44952
2026-06-11T11:30:00,7291.0,7314.25,7286.5,7298.0,47539
2026-06-11T11:45:00,7298.0,7303.75,7287.5,7300.25,37671
2026-06-11T12:00:00,7300.25,7321.0,7295.0,7318.5,40595
2026-06-11T12:15:00,7318.5,7323.0,7297.25,7298.0,42013
2026-06-11T12:30:00,7298.0,7318.75,7293.5,7305.75,40980
2026-06-11T12:45:00,7305.5,7308.75,7284.5,7284.75,31845
2026-06-11T13:00:00,7285.0,7292.25,7275.0,7282.75,47757
2026-06-11T13:15:00,7282.75,7346.5,7271.75,7345.0,63962
2026-06-11T13:30:00,7345.25,7386.5,7342.0,7382.25,126722
2026-06-11T13:45:00,7382.5,7385.75,7354.0,7369.25,61450
2026-06-11T14:00:00,7369.25,7376.25,7344.75,7362.75,51811
2026-06-11T14:15:00,7362.75,7377.75,7358.0,7364.75,50635
2026-06-11T14:30:00,7364.75,7373.75,7360.5,7369.25,27601
2026-06-11T14:45:00,7369.25,7383.25,7367.75,7377.5,39810
2026-06-11T15:00:00,7377.75,7392.5,7373.0,7389.25,54518
2026-06-11T15:15:00,7389.5,7402.0,7387.0,7399.25,47277
2026-06-11T15:30:00,7399.25,7420.0,7398.75,7413.75,77515
2026-06-11T15:45:00,7413.5,7413.5,7392.5,7394.5,171599
2026-06-12T09:30:00,7423.75,7424.75,7374.0,7375.5,127181
2026-06-12T09:45:00,7375.5,7390.75,7366.5,7383.0,80619
2026-06-12T10:00:00,7383.25,7421.75,7380.25,7409.5,96288
2026-06-12T10:15:00,7409.5,7427.75,7405.5,7412.5,64323
2026-06-12T10:30:00,7412.25,7428.75,7395.75,7396.5,68577
2026-06-12T10:45:00,7396.5,7443.5,7388.5,7440.5,105932
2026-06-12T11:00:00,7440.75,7450.5,7433.0,7448.25,55442
2026-06-12T11:15:00,7448.5,7461.75,7442.75,7458.75,53389
2026-06-12T11:30:00,7458.5,7459.25,7424.75,7426.5,68719
2026-06-12T11:45:00,7426.25,7435.75,7401.25,7405.75,67520
2026-06-12T12:00:00,7405.75,7439.5,7398.25,7427.5,67652
2026-06-12T12:15:00,7427.25,7439.0,7416.75,7423.25,39868
2026-06-12T12:30:00,7423.25,7431.75,7419.25,7422.0,27727
2026-06-12T12:45:00,7421.75,7433.25,7420.0,7432.25,29292
2026-06-12T13:00:00,7432.25,7447.0,7429.0,7437.0,33360
2026-06-12T13:15:00,7437.25,7444.75,7433.75,7438.25,25759
2026-06-12T13:30:00,7438.5,7439.75,7430.5,7434.0,26168
2026-06-12T13:45:00,7434.25,7438.75,7426.25,7430.5,25866
2026-06-12T14:00:00,7430.5,7438.0,7422.5,7427.5,31186
2026-06-12T14:15:00,7427.5,7431.25,7421.75,7430.0,27145
2026-06-12T14:30:00,7430.25,7441.25,7429.75,7440.0,26769
2026-06-12T14:45:00,7440.25,7441.0,7427.25,7428.0,29338
2026-06-12T15:00:00,7428.0,7439.75,7427.25,7432.0,30817
2026-06-12T15:15:00,7432.0,7437.75,7427.5,7432.0,31258
2026-06-12T15:30:00,7432.0,7435.5,7418.75,7426.25,47473
2026-06-12T15:45:00,7426.0,7437.5,7422.75,7433.75,102895
2026-06-15T09:30:00,7599.25,7616.0,7598.5,7609.5,115723
2026-06-15T09:45:00,7609.75,7622.5,7609.5,7614.25,84205
2026-06-15T10:00:00,7614.25,7621.0,7605.5,7611.0,87274
2026-06-15T10:15:00,7611.0,7618.0,7606.5,7617.25,78015
2026-06-15T10:30:00,7617.25,7618.25,7610.0,7613.75,67836
2026-06-15T10:45:00,7613.75,7625.0,7613.75,7623.0,68511
2026-06-15T11:00:00,7623.25,7629.25,7623.0,7628.0,73139
2026-06-15T11:15:00,7628.25,7634.0,7626.0,7632.75,67915
2026-06-15T11:30:00,7633.0,7637.0,7629.25,7636.0,61837
2026-06-15T11:45:00,7636.0,7644.5,7636.0,7643.25,44870
2026-06-15T12:00:00,7643.25,7648.75,7642.0,7643.25,55271
2026-06-15T12:15:00,7643.5,7647.5,7641.0,7646.75,43301
2026-06-15T12:30:00,7646.75,7648.25,7639.5,7641.0,45234
2026-06-15T12:45:00,7641.0,7641.5,7636.75,7640.5,51029
2026-06-15T13:00:00,7640.25,7642.25,7632.5,7639.75,49646
2026-06-15T13:15:00,7639.5,7646.5,7638.75,7643.5,47535
2026-06-15T13:30:00,7643.25,7645.25,7638.75,7639.5,36783
2026-06-15T13:45:00,7639.75,7640.5,7632.0,7633.5,37424
2026-06-15T14:00:00,7633.75,7635.0,7628.0,7633.5,51988
2026-06-15T14:15:00,7633.5,7635.5,7628.0,7628.75,39208
2026-06-15T14:30:00,7628.75,7635.25,7625.75,7634.25,36277
2026-06-15T14:45:00,7634.0,7636.25,7630.5,7631.5,27982
2026-06-15T15:00:00,7631.75,7632.75,7628.5,7632.0,37652
2026-06-15T15:15:00,7631.75,7634.5,7624.75,7625.0,35132
2026-06-15T15:30:00,7625.0,7628.25,7622.75,7625.5,50322
2026-06-15T15:45:00,7625.25,7631.25,7616.5,7630.0,227890
2026-06-16T09:30:00,7627.75,7636.75,7624.25,7630.5,90077
2026-06-16T09:45:00,7630.5,7636.25,7621.75,7622.75,75544
2026-06-16T10:00:00,7622.75,7634.0,7622.25,7630.5,70268
2026-06-16T10:15:00,7630.25,7632.75,7612.25,7612.25,84369
2026-06-16T10:30:00,7612.0,7621.5,7604.0,7614.25,85325
2026-06-16T10:45:00,7614.25,7619.0,7606.5,7611.0,68357
2026-06-16T11:00:00,7611.0,7619.25,7610.25,7616.0,54447
2026-06-16T11:15:00,7615.75,7618.25,7604.5,7608.0,63685
2026-06-16T11:30:00,7608.0,7616.25,7605.75,7606.75,59147
2026-06-16T11:45:00,7607.0,7616.75,7599.0,7610.0,74337
2026-06-16T12:00:00,7609.75,7622.25,7609.5,7619.0,50615
2026-06-16T12:15:00,7619.25,7621.75,7614.25,7616.25,36922
2026-06-16T12:30:00,7616.0,7617.0,7606.75,7613.25,41926
2026-06-16T12:45:00,7613.0,7615.0,7606.0,7610.5,36669
2026-06-16T13:00:00,7610.25,7611.5,7604.75,7609.25,32317
2026-06-16T13:15:00,7609.25,7611.25,7602.0,7605.75,31323
2026-06-16T13:30:00,7605.5,7606.75,7598.75,7603.75,31535
2026-06-16T13:45:00,7603.5,7611.5,7601.25,7605.75,37287
2026-06-16T14:00:00,7605.5,7607.5,7603.5,7604.5,29973
2026-06-16T14:15:00,7604.75,7607.5,7601.75,7605.25,33957
2026-06-16T14:30:00,7605.25,7606.5,7601.5,7605.0,25804
2026-06-16T14:45:00,7605.25,7606.75,7600.5,7602.0,21285
2026-06-16T15:00:00,7602.0,7603.0,7592.5,7593.75,36671
2026-06-16T15:15:00,7593.75,7600.0,7584.75,7596.25,48497
2026-06-16T15:30:00,7596.25,7597.25,7587.5,7594.25,41422
2026-06-16T15:45:00,7594.25,7597.75,7583.0,7588.0,142961
2026-06-17T09:30:00,7595.75,7598.0,7583.25,7598.0,78720
2026-06-17T09:45:00,7598.0,7600.25,7581.0,7581.0,56685
2026-06-17T10:00:00,7581.25,7595.0,7578.5,7594.75,56460
2026-06-17T10:15:00,7594.75,7604.25,7593.25,7599.25,45076
2026-06-17T10:30:00,7599.25,7599.75,7574.0,7584.0,58560
2026-06-17T10:45:00,7584.0,7588.75,7560.5,7572.5,82470
2026-06-17T11:00:00,7572.25,7579.75,7568.0,7578.25,41134
2026-06-17T11:15:00,7578.25,7584.75,7575.5,7582.25,39403
2026-06-17T11:30:00,7582.0,7590.5,7580.0,7586.25,29330
2026-06-17T11:45:00,7586.25,7591.25,7585.5,7588.75,22115
2026-06-17T12:00:00,7589.0,7592.0,7585.5,7588.75,16371
2026-06-17T12:15:00,7588.75,7593.25,7587.0,7590.25,17687
2026-06-17T12:30:00,7590.25,7591.25,7581.75,7584.75,22593
2026-06-17T12:45:00,7585.0,7585.75,7581.5,7582.75,17783
2026-06-17T13:00:00,7582.5,7583.0,7568.5,7575.25,32003
2026-06-17T13:15:00,7575.0,7579.75,7572.0,7578.25,23698
2026-06-17T13:30:00,7578.25,7579.0,7572.5,7574.25,20562
2026-06-17T13:45:00,7574.25,7589.75,7573.0,7588.75,24041
2026-06-17T14:00:00,7588.25,7590.75,7514.5,7546.25,128640
2026-06-17T14:15:00,7546.0,7560.25,7533.75,7542.75,61421
2026-06-17T14:30:00,7542.5,7584.25,7535.75,7580.25,93792
2026-06-17T14:45:00,7580.25,7580.75,7531.5,7540.75,60784
2026-06-17T15:00:00,7540.5,7552.0,7524.25,7547.0,73491
2026-06-17T15:15:00,7547.0,7548.5,7497.25,7500.25,88741
2026-06-17T15:30:00,7500.25,7503.75,7472.25,7479.75,100663
2026-06-17T15:45:00,7479.75,7498.75,7474.0,7492.5,156704
2026-06-18T09:30:00,7577.25,7581.5,7537.0,7538.25,119087
2026-06-18T09:45:00,7538.5,7554.75,7535.5,7544.0,72810
2026-06-18T10:00:00,7544.25,7558.25,7540.75,7545.25,58799
2026-06-18T10:15:00,7545.0,7566.25,7539.0,7550.5,59613
2026-06-18T10:30:00,7550.5,7564.5,7541.25,7558.5,57157
2026-06-18T10:45:00,7558.5,7570.75,7558.25,7566.25,39453
2026-06-18T11:00:00,7566.5,7568.75,7557.25,7559.0,37324
2026-06-18T11:15:00,7559.25,7561.5,7549.25,7551.75,38012
2026-06-18T11:30:00,7551.5,7556.25,7541.0,7546.0,43771
2026-06-18T11:45:00,7545.75,7563.25,7541.0,7560.5,37138
2026-06-18T12:00:00,7560.25,7563.75,7555.0,7559.75,28891
2026-06-18T12:15:00,7560.0,7566.75,7557.0,7564.0,22017
2026-06-18T12:30:00,7564.25,7570.5,7560.5,7567.75,23732
2026-06-18T12:45:00,7567.75,7568.5,7559.25,7564.0,22278
2026-06-18T13:00:00,7564.0,7575.25,7561.5,7573.25,22625
2026-06-18T13:15:00,7573.25,7579.0,7571.0,7572.75,21616
2026-06-18T13:30:00,7573.0,7577.0,7569.5,7570.5,17956
2026-06-18T13:45:00,7570.5,7572.75,7566.75,7567.0,15011
2026-06-18T14:00:00,7567.0,7568.0,7562.0,7563.75,21573
2026-06-18T14:15:00,7563.5,7566.75,7561.0,7562.75,19011
2026-06-18T14:30:00,7562.75,7563.5,7559.25,7562.75,18424
2026-06-18T14:45:00,7562.5,7567.25,7560.5,7561.5,21731
2026-06-18T15:00:00,7561.5,7562.25,7549.0,7552.25,30695
2026-06-18T15:15:00,7552.25,7560.0,7549.5,7557.75,24046
2026-06-18T15:30:00,7557.75,7571.75,7553.75,7571.25,38167
2026-06-18T15:45:00,7571.0,7580.75,7564.25,7564.5,173972
2026-06-22T09:30:00,7573.0,7596.75,7571.5,7578.5,85833
2026-06-22T09:45:00,7578.75,7596.5,7576.75,7596.25,60086
2026-06-22T10:00:00,7596.25,7599.25,7589.0,7589.75,43974
2026-06-22T10:15:00,7590.0,7591.0,7560.25,7561.25,66770
2026-06-22T10:30:00,7561.25,7562.25,7540.0,7541.0,84536
2026-06-22T10:45:00,7541.0,7549.25,7527.25,7543.0,73367
2026-06-22T11:00:00,7542.75,7550.0,7536.25,7540.5,46842
2026-06-22T11:15:00,7540.5,7547.0,7534.75,7539.75,50756
2026-06-22T11:30:00,7539.75,7558.0,7537.5,7554.75,44925
2026-06-22T11:45:00,7555.0,7559.25,7539.0,7542.5,41405
2026-06-22T12:00:00,7542.5,7546.5,7532.25,7546.25,37049
2026-06-22T12:15:00,7546.25,7550.25,7540.0,7544.25,30701
2026-06-22T12:30:00,7544.5,7545.25,7536.75,7539.75,22485
2026-06-22T12:45:00,7540.0,7549.75,7538.0,7546.0,29126
2026-06-22T13:00:00,7546.25,7547.0,7535.5,7542.25,20031
2026-06-22T13:15:00,7542.0,7549.0,7542.0,7543.25,17014
2026-06-22T13:30:00,7543.25,7544.5,7535.5,7539.25,18075
2026-06-22T13:45:00,7539.5,7549.5,7538.25,7542.75,18338
2026-06-22T14:00:00,7543.0,7546.75,7538.5,7545.5,16445
2026-06-22T14:15:00,7545.5,7553.75,7544.25,7547.25,21255
2026-06-22T14:30:00,7547.25,7551.5,7540.5,7541.0,19710
2026-06-22T14:45:00,7541.0,7544.5,7531.5,7533.0,26052
2026-06-22T15:00:00,7533.0,7539.75,7528.5,7535.5,27422
2026-06-22T15:15:00,7535.5,7538.25,7530.25,7530.5,23280
2026-06-22T15:30:00,7530.25,7536.25,7528.0,7529.5,29597
2026-06-22T15:45:00,7529.5,7545.75,7528.75,7540.25,126299
2026-06-23T09:30:00,7429.5,7447.0,7415.25,7442.5,118972
2026-06-23T09:45:00,7442.25,7466.5,7438.25,7465.25,93181
2026-06-23T10:00:00,7465.25,7485.25,7463.75,7484.0,82207
2026-06-23T10:15:00,7484.0,7491.0,7475.75,7483.75,66894
2026-06-23T10:30:00,7483.75,7486.0,7466.25,7468.25,64968
2026-06-23T10:45:00,7468.25,7474.0,7459.75,7464.75,56944
2026-06-23T11:00:00,7464.75,7468.5,7450.5,7455.25,49440
2026-06-23T11:15:00,7455.25,7457.0,7436.25,7440.0,49912
2026-06-23T11:30:00,7439.75,7449.25,7435.75,7444.25,49142
2026-06-23T11:45:00,7444.0,7456.5,7441.75,7453.75,39818
2026-06-23T12:00:00,7454.0,7471.5,7452.5,7469.25,37360
2026-06-23T12:15:00,7469.5,7471.25,7460.75,7469.0,28240
2026-06-23T12:30:00,7469.0,7475.25,7464.5,7474.0,24863
2026-06-23T12:45:00,7474.0,7474.75,7464.5,7469.75,26271
2026-06-23T13:00:00,7469.75,7473.0,7460.5,7469.0,26304
2026-06-23T13:15:00,7468.75,7476.5,7464.5,7471.0,27164
2026-06-23T13:30:00,7470.75,7475.75,7466.0,7467.25,23126
2026-06-23T13:45:00,7467.25,7470.5,7452.5,7453.25,31532
2026-06-23T14:00:00,7453.25,7461.25,7448.75,7453.75,31595
2026-06-23T14:15:00,7453.75,7455.75,7447.75,7449.75,26352
2026-06-23T14:30:00,7449.5,7451.0,7433.0,7433.75,35274
2026-06-23T14:45:00,7433.75,7441.25,7428.75,7436.0,46702
2026-06-23T15:00:00,7436.0,7452.25,7433.75,7441.0,44290
2026-06-23T15:15:00,7441.0,7449.75,7433.5,7446.75,41321
2026-06-23T15:30:00,7446.75,7449.25,7438.25,7442.0,42544
2026-06-23T15:45:00,7442.25,7453.0,7433.0,7434.75,149432
2026-06-24T09:30:00,7447.25,7468.0,7438.25,7452.75,102410
2026-06-24T09:45:00,7452.5,7472.25,7437.75,7454.75,86488
2026-06-24T10:00:00,7454.5,7460.5,7447.0,7451.25,74626
2026-06-24T10:15:00,7451.0,7466.0,7436.5,7461.0,70266
2026-06-24T10:30:00,7461.0,7473.5,7457.5,7472.75,53939
2026-06-24T10:45:00,7472.75,7494.25,7471.75,7493.75,64473
2026-06-24T11:00:00,7493.75,7496.5,7476.25,7481.75,57057
2026-06-24T11:15:00,7481.75,7493.75,7478.25,7493.75,43605
2026-06-24T11:30:00,7493.5,7496.5,7478.25,7481.75,43738
2026-06-24T11:45:00,7481.75,7489.75,7474.5,7480.25,38633
2026-06-24T12:00:00,7480.25,7485.5,7474.5,7481.25,36431
2026-06-24T12:15:00,7481.5,7485.0,7476.75,7477.75,24432
2026-06-24T12:30:00,7477.75,7477.75,7455.0,7459.75,54510
2026-06-24T12:45:00,7459.5,7464.5,7450.75,7453.0,37694
2026-06-24T13:00:00,7453.0,7461.25,7442.25,7444.0,36367
2026-06-24T13:15:00,7444.0,7447.75,7415.75,7416.75,60717
2026-06-24T13:30:00,7416.75,7424.5,7407.75,7414.75,62692
2026-06-24T13:45:00,7414.75,7427.25,7410.25,7414.0,42792
2026-06-24T14:00:00,7414.25,7429.5,7413.0,7424.75,43160
2026-06-24T14:15:00,7424.75,7443.25,7424.75,7440.0,47925
2026-06-24T14:30:00,7440.0,7442.25,7425.25,7429.25,37580
2026-06-24T14:45:00,7429.25,7429.25,7408.25,7415.5,53453
2026-06-24T15:00:00,7415.5,7425.25,7404.25,7412.25,51173
2026-06-24T15:15:00,7412.25,7419.75,7407.75,7416.25,34435
2026-06-24T15:30:00,7416.0,7418.5,7405.25,7411.0,45367
2026-06-24T15:45:00,7411.25,7431.5,7410.5,7428.25,122194
2026-06-25T09:30:00,7485.75,7490.5,7436.25,7438.75,113842
2026-06-25T09:45:00,7439.0,7444.0,7390.5,7393.25,166013
2026-06-25T10:00:00,7393.25,7454.25,7392.5,7437.25,138738
2026-06-25T10:15:00,7437.25,7462.0,7427.5,7451.0,86296
2026-06-25T10:30:00,7450.75,7467.75,7444.25,7450.75,57942
2026-06-25T10:45:00,7450.75,7475.75,7444.0,7449.5,56524
2026-06-25T11:00:00,7449.25,7462.25,7422.75,7426.0,48736
2026-06-25T11:15:00,7426.0,7445.0,7414.25,7439.25,48087
2026-06-25T11:30:00,7439.25,7451.5,7435.5,7443.75,31947
2026-06-25T11:45:00,7443.75,7454.75,7436.25,7437.5,23193
2026-06-25T12:00:00,7437.75,7458.25,7432.5,7453.5,27396
2026-06-25T12:15:00,7453.5,7458.75,7435.25,7437.75,30399
2026-06-25T12:30:00,7437.75,7438.25,7415.75,7417.75,33025
2026-06-25T12:45:00,7417.75,7425.75,7409.75,7420.25,33462
2026-06-25T13:00:00,7420.25,7432.5,7416.5,7427.25,18984
2026-06-25T13:15:00,7427.25,7438.0,7415.75,7427.75,27203
2026-06-25T13:30:00,7427.75,7433.0,7420.25,7421.5,20849
2026-06-25T13:45:00,7421.5,7431.0,7410.75,7429.5,25584
2026-06-25T14:00:00,7429.5,7435.5,7408.25,7427.5,40655
2026-06-25T14:15:00,7427.75,7456.75,7425.0,7454.25,36385
2026-06-25T14:30:00,7454.25,7454.5,7431.25,7434.75,29935
2026-06-25T14:45:00,7434.75,7439.5,7422.25,7434.5,22461
2026-06-25T15:00:00,7434.25,7435.0,7418.75,7419.25,22120
2026-06-25T15:15:00,7419.5,7424.75,7414.25,7419.75,27940
2026-06-25T15:30:00,7419.5,7420.75,7411.5,7415.75,32113
2026-06-25T15:45:00,7415.5,7430.0,7409.0,7428.75,105594
2026-06-26T09:30:00,7381.0,7388.25,7360.0,7384.25,88614
2026-06-26T09:45:00,7384.25,7405.75,7371.25,7401.5,67404
2026-06-26T10:00:00,7401.25,7428.0,7398.75,7425.5,63182
2026-06-26T10:15:00,7425.5,7436.25,7418.0,7428.5,47592
2026-06-26T10:30:00,7428.75,7433.0,7409.25,7415.25,42736
2026-06-26T10:45:00,7415.25,7427.5,7411.75,7418.0,35764
2026-06-26T11:00:00,7418.0,7428.0,7412.75,7414.25,30574
2026-06-26T11:15:00,7414.5,7440.75,7409.5,7440.75,43914
2026-06-26T11:30:00,7440.5,7459.5,7437.5,7456.5,49044
2026-06-26T11:45:00,7456.5,7458.5,7435.0,7447.5,42969
2026-06-26T12:00:00,7447.75,7449.0,7431.25,7434.75,24478
2026-06-26T12:15:00,7434.75,7440.25,7420.75,7427.25,33593
2026-06-26T12:30:00,7427.25,7441.5,7427.25,7433.75,20220
2026-06-26T12:45:00,7433.75,7442.75,7432.0,7438.25,15945
2026-06-26T13:00:00,7438.25,7452.25,7435.0,7444.5,20100
2026-06-26T13:15:00,7444.5,7445.25,7431.25,7440.75,18346
2026-06-26T13:30:00,7440.75,7447.75,7429.25,7436.0,20069
2026-06-26T13:45:00,7436.0,7437.75,7427.75,7430.0,14881
2026-06-26T14:00:00,7430.25,7439.5,7429.5,7433.75,17707
2026-06-26T14:15:00,7434.0,7435.75,7420.25,7421.25,25358
2026-06-26T14:30:00,7421.5,7429.75,7420.5,7420.75,22166
2026-06-26T14:45:00,7420.75,7420.75,7405.25,7409.0,36313
2026-06-26T15:00:00,7408.75,7421.0,7406.5,7420.75,30539
2026-06-26T15:15:00,7420.5,7422.75,7411.0,7415.0,33609
2026-06-26T15:30:00,7415.25,7426.75,7410.5,7426.0,29549
2026-06-26T15:45:00,7426.0,7431.75,7369.75,7375.5,147108
2026-06-29T09:30:00,7457.0,7483.5,7444.5,7483.5,108438
2026-06-29T09:45:00,7483.5,7490.0,7453.75,7458.5,93282
2026-06-29T10:00:00,7458.5,7460.75,7415.5,7415.75,110008
2026-06-29T10:15:00,7415.5,7450.75,7409.0,7449.25,93543
2026-06-29T10:30:00,7449.5,7467.75,7448.0,7459.75,82939
2026-06-29T10:45:00,7459.75,7472.5,7447.75,7468.0,62772
2026-06-29T11:00:00,7468.0,7469.5,7454.75,7464.0,45960
2026-06-29T11:15:00,7464.25,7467.75,7453.0,7467.0,33660
2026-06-29T11:30:00,7467.0,7474.75,7461.5,7474.25,36287
2026-06-29T11:45:00,7474.5,7475.75,7467.5,7475.0,31577
2026-06-29T12:00:00,7475.25,7481.75,7474.75,7475.5,33233
2026-06-29T12:15:00,7475.25,7479.0,7473.0,7473.75,19540
2026-06-29T12:30:00,7474.0,7476.25,7470.0,7475.5,21088
2026-06-29T12:45:00,7475.5,7480.0,7472.0,7477.25,18277
2026-06-29T13:00:00,7477.25,7492.75,7477.25,7490.5,22449
2026-06-29T13:15:00,7490.5,7494.75,7485.0,7491.75,30396
2026-06-29T13:30:00,7491.75,7496.75,7490.0,7493.0,21811
2026-06-29T13:45:00,7493.25,7498.75,7491.25,7494.0,19279
2026-06-29T14:00:00,7494.0,7498.0,7492.25,7495.75,17821
2026-06-29T14:15:00,7495.75,7496.25,7491.25,7492.0,16192
2026-06-29T14:30:00,7492.25,7500.75,7491.5,7499.75,21212
2026-06-29T14:45:00,7500.0,7502.0,7495.5,7496.75,18838
2026-06-29T15:00:00,7497.0,7499.25,7494.75,7495.5,20373
2026-06-29T15:15:00,7495.25,7500.5,7493.0,7498.0,22149
2026-06-29T15:30:00,7498.0,7498.75,7493.5,7495.5,23905
2026-06-29T15:45:00,7495.5,7505.0,7491.5,7496.75,119371
2026-06-30T09:30:00,7500.0,7510.5,7495.75,7506.0,70224
2026-06-30T09:45:00,7506.0,7528.0,7503.5,7526.75,54096
2026-06-30T10:00:00,7526.75,7532.75,7515.5,7523.75,57893
2026-06-30T10:15:00,7523.5,7533.5,7520.5,7532.5,36990
2026-06-30T10:30:00,7532.5,7541.75,7529.0,7535.75,44066
2026-06-30T10:45:00,7535.5,7535.75,7516.75,7520.5,47782
2026-06-30T11:00:00,7520.5,7536.75,7520.0,7535.75,35760
2026-06-30T11:15:00,7535.5,7541.5,7531.0,7540.5,30537
2026-06-30T11:30:00,7540.5,7542.75,7535.5,7537.75,26714
2026-06-30T11:45:00,7537.75,7547.75,7537.75,7545.75,27754
2026-06-30T12:00:00,7545.5,7552.25,7545.25,7550.5,23531
2026-06-30T12:15:00,7550.5,7555.25,7549.5,7550.5,19553
2026-06-30T12:30:00,7550.75,7553.75,7548.75,7553.0,16252
2026-06-30T12:45:00,7553.25,7558.25,7552.25,7555.75,22073
2026-06-30T13:00:00,7555.75,7559.25,7553.25,7553.75,18191
2026-06-30T13:15:00,7553.5,7556.25,7550.75,7552.25,17305
2026-06-30T13:30:00,7552.5,7554.0,7548.5,7553.5,15934
2026-06-30T13:45:00,7553.5,7554.0,7550.25,7552.0,12712
2026-06-30T14:00:00,7552.25,7556.0,7550.5,7555.0,17728
2026-06-30T14:15:00,7555.25,7558.25,7554.25,7555.25,16004
2026-06-30T14:30:00,7555.5,7558.25,7553.25,7557.25,14005
2026-06-30T14:45:00,7557.0,7561.75,7555.75,7558.75,20164
2026-06-30T15:00:00,7558.75,7565.0,7558.25,7564.5,21074
2026-06-30T15:15:00,7564.5,7567.75,7560.25,7561.5,27902
2026-06-30T15:30:00,7561.5,7562.0,7554.25,7558.0,35413
2026-06-30T15:45:00,7558.0,7564.0,7544.5,7545.0,223376
2026-07-01T09:30:00,7532.0,7534.0,7505.75,7515.0,119700
2026-07-01T09:45:00,7515.0,7536.75,7511.25,7536.25,61719
2026-07-01T10:00:00,7536.75,7552.25,7533.0,7549.75,57076
2026-07-01T10:15:00,7549.75,7553.75,7546.75,7551.75,40900
2026-07-01T10:30:00,7551.75,7554.5,7543.25,7549.75,41881
2026-07-01T10:45:00,7549.75,7554.0,7540.25,7553.5,41730
2026-07-01T11:00:00,7553.5,7564.75,7552.5,7564.5,43598
2026-07-01T11:15:00,7564.25,7578.0,7564.0,7577.5,43415
2026-07-01T11:30:00,7577.5,7578.5,7567.5,7572.75,34573
2026-07-01T11:45:00,7572.5,7573.75,7568.0,7572.5,24130
2026-07-01T12:00:00,7572.5,7576.0,7571.0,7575.75,23610
2026-07-01T12:15:00,7575.5,7579.0,7573.0,7574.5,22288
2026-07-01T12:30:00,7574.5,7576.75,7567.25,7570.5,21388
2026-07-01T12:45:00,7570.5,7572.75,7557.5,7559.75,27625
2026-07-01T13:00:00,7559.75,7563.75,7554.75,7562.5,30443
2026-07-01T13:15:00,7562.75,7568.5,7561.75,7564.0,18535
2026-07-01T13:30:00,7564.0,7566.25,7559.25,7559.25,16051
2026-07-01T13:45:00,7559.5,7562.0,7556.25,7556.75,16576
2026-07-01T14:00:00,7556.75,7561.5,7555.5,7555.5,18886
2026-07-01T14:15:00,7555.5,7560.25,7551.5,7556.0,19397
2026-07-01T14:30:00,7556.0,7558.5,7554.75,7556.5,14311
2026-07-01T14:45:00,7556.5,7557.0,7549.25,7553.5,25427
2026-07-01T15:00:00,7553.5,7561.75,7552.75,7558.5,25193
2026-07-01T15:15:00,7558.25,7560.75,7553.5,7553.75,23298
2026-07-01T15:30:00,7553.75,7557.5,7548.5,7550.5,31409
2026-07-01T15:45:00,7550.5,7552.5,7536.5,7541.75,122994
2026-07-02T09:30:00,7555.0,7583.5,7551.5,7578.5,99910
2026-07-02T09:45:00,7578.5,7593.75,7576.0,7588.75,63692
2026-07-02T10:00:00,7588.75,7593.5,7577.5,7591.0,55363
2026-07-02T10:15:00,7591.0,7593.0,7556.5,7559.75,83364
2026-07-02T10:30:00,7559.75,7574.25,7543.75,7549.25,93653
2026-07-02T10:45:00,7549.25,7557.75,7540.25,7557.25,80040
2026-07-02T11:00:00,7557.25,7559.0,7522.5,7541.25,80931
2026-07-02T11:15:00,7541.25,7544.5,7524.0,7529.25,73421
2026-07-02T11:30:00,7529.0,7547.5,7528.0,7533.5,51605
2026-07-02T11:45:00,7533.25,7537.75,7520.75,7526.75,46536
2026-07-02T12:00:00,7527.0,7529.5,7517.0,7525.0,39480
2026-07-02T12:15:00,7525.25,7526.5,7513.75,7515.75,37806
2026-07-02T12:30:00,7515.75,7516.0,7501.25,7512.25,50807
2026-07-02T12:45:00,7512.25,7513.5,7498.0,7501.5,36551
2026-07-02T13:00:00,7501.5,7503.0,7483.25,7497.5,50713
2026-07-02T13:15:00,7497.25,7501.75,7491.25,7495.0,27755
2026-07-02T13:30:00,7495.0,7500.75,7483.5,7490.75,33629
2026-07-02T13:45:00,7490.75,7491.0,7479.5,7482.0,29770
2026-07-02T14:00:00,7482.25,7508.75,7480.0,7501.75,40899
2026-07-02T14:15:00,7501.75,7506.75,7493.5,7506.5,27927
2026-07-02T14:30:00,7506.5,7513.0,7505.75,7510.5,28833
2026-07-02T14:45:00,7510.25,7514.75,7505.0,7509.0,27513
2026-07-02T15:00:00,7509.25,7510.75,7491.75,7499.5,39687
2026-07-02T15:15:00,7499.75,7505.5,7493.5,7502.5,27358
2026-07-02T15:30:00,7502.5,7513.0,7500.5,7511.75,29796
2026-07-02T15:45:00,7511.75,7534.0,7508.75,7526.5,129953
2026-07-06T09:30:00,7564.75,7573.0,7552.5,7565.0,74264
2026-07-06T09:45:00,7565.0,7574.0,7560.75,7564.0,46633
2026-07-06T10:00:00,7564.25,7573.5,7558.5,7573.0,40394
2026-07-06T10:15:00,7572.75,7579.0,7568.5,7578.75,43926
2026-07-06T10:30:00,7578.5,7581.0,7570.0,7576.0,38250
2026-07-06T10:45:00,7575.75,7582.25,7574.0,7582.0,27081
2026-07-06T11:00:00,7582.25,7583.5,7577.5,7580.5,31341
2026-07-06T11:15:00,7580.75,7587.25,7575.25,7587.0,30282
2026-07-06T11:30:00,7587.0,7589.0,7582.75,7587.5,26089
2026-07-06T11:45:00,7587.5,7589.0,7585.25,7587.5,17014
2026-07-06T12:00:00,7587.5,7590.25,7585.5,7588.75,15639
2026-07-06T12:15:00,7588.75,7590.5,7584.75,7585.5,14733
2026-07-06T12:30:00,7585.75,7586.75,7583.0,7586.5,13131
2026-07-06T12:45:00,7586.25,7590.25,7582.75,7583.75,16702
2026-07-06T13:00:00,7583.75,7594.75,7583.25,7592.75,24497
2026-07-06T13:15:00,7592.75,7593.75,7585.25,7586.0,16402
2026-07-06T13:30:00,7586.0,7586.75,7575.25,7579.5,30382
2026-07-06T13:45:00,7579.5,7584.25,7577.25,7580.0,20875
2026-07-06T14:00:00,7580.0,7590.0,7580.0,7589.0,20727
2026-07-06T14:15:00,7589.0,7595.0,7589.0,7592.0,20949
2026-07-06T14:30:00,7592.0,7594.0,7588.75,7591.25,15421
2026-07-06T14:45:00,7591.25,7599.0,7590.75,7598.25,20808
2026-07-06T15:00:00,7598.25,7600.0,7595.0,7596.25,21130
2026-07-06T15:15:00,7596.25,7602.5,7595.0,7600.75,21693
2026-07-06T15:30:00,7600.75,7601.0,7595.5,7598.5,24520
2026-07-06T15:45:00,7598.5,7600.5,7587.75,7593.5,109105
2026-07-07T09:30:00,7580.75,7587.5,7569.0,7580.0,75029
2026-07-07T09:45:00,7580.0,7580.75,7560.5,7566.25,53148
2026-07-07T10:00:00,7566.25,7570.0,7547.5,7548.0,66888
2026-07-07T10:15:00,7548.0,7555.25,7538.5,7544.5,70265
2026-07-07T10:30:00,7544.5,7547.75,7529.5,7535.0,54907
2026-07-07T10:45:00,7535.0,7546.5,7534.0,7542.25,41822
2026-07-07T11:00:00,7542.0,7544.5,7536.5,7538.0,30648
2026-07-07T11:15:00,7537.75,7541.0,7534.5,7540.5,29080
2026-07-07T11:30:00,7540.75,7541.5,7531.25,7541.25,28886
2026-07-07T11:45:00,7541.25,7551.25,7541.0,7551.0,32449
2026-07-07T12:00:00,7551.0,7559.0,7549.75,7557.75,35608
2026-07-07T12:15:00,7558.0,7567.25,7555.75,7565.0,38428
2026-07-07T12:30:00,7565.25,7567.5,7559.75,7566.0,26211
2026-07-07T12:45:00,7566.25,7568.75,7562.75,7567.5,19428
2026-07-07T13:00:00,7567.25,7571.25,7565.0,7565.75,18940
2026-07-07T13:15:00,7565.75,7569.25,7561.75,7566.25,18645
2026-07-07T13:30:00,7566.25,7570.25,7565.75,7568.75,15165
2026-07-07T13:45:00,7568.75,7569.25,7564.0,7569.25,13785
2026-07-07T14:00:00,7569.25,7570.25,7565.5,7567.25,13792
2026-07-07T14:15:00,7567.25,7570.5,7566.0,7567.5,17091
2026-07-07T14:30:00,7567.25,7568.25,7561.5,7564.75,20318
2026-07-07T14:45:00,7564.75,7566.0,7551.5,7552.5,39766
2026-07-07T15:00:00,7552.5,7554.5,7542.25,7545.0,43462
2026-07-07T15:15:00,7544.75,7548.25,7537.0,7544.25,38524
2026-07-07T15:30:00,7544.0,7550.0,7541.25,7542.75,32908
2026-07-07T15:45:00,7543.0,7556.75,7542.5,7553.25,96970
2026-07-08T09:30:00,7507.0,7523.25,7501.75,7518.75,76183
2026-07-08T09:45:00,7518.75,7524.75,7507.25,7515.75,54161
2026-07-08T10:00:00,7515.75,7522.5,7505.75,7507.75,47338
2026-07-08T10:15:00,7507.5,7520.75,7501.75,7506.0,59220
2026-07-08T10:30:00,7506.0,7512.0,7494.75,7499.25,53185
2026-07-08T10:45:00,7499.5,7503.25,7484.0,7493.25,53637
2026-07-08T11:00:00,7493.5,7495.25,7484.5,7485.75,34545
2026-07-08T11:15:00,7486.0,7490.75,7470.0,7474.25,57452
2026-07-08T11:30:00,7474.25,7487.5,7469.5,7482.0,50802
2026-07-08T11:45:00,7482.25,7485.0,7475.0,7481.0,33502
2026-07-08T12:00:00,7481.0,7498.5,7480.75,7497.5,40020
2026-07-08T12:15:00,7497.75,7510.0,7494.5,7506.0,38107
2026-07-08T12:30:00,7506.0,7517.5,7499.5,7514.5,54585
2026-07-08T12:45:00,7514.5,7522.75,7510.75,7522.0,34596
2026-07-08T13:00:00,7522.0,7523.0,7514.5,7518.25,26851
2026-07-08T13:15:00,7518.0,7533.0,7518.0,7532.75,29164
2026-07-08T13:30:00,7532.75,7536.5,7523.5,7525.0,26142
2026-07-08T13:45:00,7525.0,7525.0,7514.5,7519.5,26495
2026-07-08T14:00:00,7519.25,7530.0,7515.5,7528.0,28323
2026-07-08T14:15:00,7528.0,7529.25,7521.5,7521.75,21947
2026-07-08T14:30:00,7521.5,7528.0,7517.75,7525.5,21848
2026-07-08T14:45:00,7525.5,7530.5,7522.75,7528.25,18397
2026-07-08T15:00:00,7528.5,7532.5,7522.5,7523.75,21643
2026-07-08T15:15:00,7523.5,7528.5,7521.75,7526.75,16141
2026-07-08T15:30:00,7526.75,7528.5,7523.0,7527.75,20593
2026-07-08T15:45:00,7528.0,7536.5,7518.25,7526.75,99423
2026-07-09T09:30:00,7546.75,7559.25,7530.25,7558.0,83905
2026-07-09T09:45:00,7558.0,7566.5,7551.5,7561.0,48462
2026-07-09T10:00:00,7561.25,7564.5,7546.25,7549.25,44521
2026-07-09T10:15:00,7549.5,7555.75,7529.5,7552.75,75509
2026-07-09T10:30:00,7552.75,7559.0,7544.75,7553.0,38910
2026-07-09T10:45:00,7553.25,7563.75,7546.75,7562.0,37510
2026-07-09T11:00:00,7562.0,7570.75,7560.5,7566.75,37257
2026-07-09T11:15:00,7566.75,7575.0,7564.5,7572.75,34636
2026-07-09T11:30:00,7573.0,7577.75,7569.75,7576.25,27899
2026-07-09T11:45:00,7576.5,7578.0,7573.25,7573.75,20343
2026-07-09T12:00:00,7573.75,7581.25,7573.75,7580.75,19778
2026-07-09T12:15:00,7580.75,7583.5,7579.25,7581.5,14597
2026-07-09T12:30:00,7581.75,7584.25,7578.5,7582.0,17719
2026-07-09T12:45:00,7582.25,7582.75,7577.5,7579.5,13170
2026-07-09T13:00:00,7579.75,7589.5,7579.5,7587.25,26859
2026-07-09T13:15:00,7587.5,7593.5,7587.25,7593.25,20528
2026-07-09T13:30:00,7593.25,7594.25,7590.0,7592.5,18857
2026-07-09T13:45:00,7592.5,7595.0,7588.0,7591.5,18395
2026-07-09T14:00:00,7591.25,7593.75,7589.5,7592.5,16375
2026-07-09T14:15:00,7592.5,7594.0,7587.25,7589.5,17384
2026-07-09T14:30:00,7589.5,7590.75,7585.25,7587.75,14608
2026-07-09T14:45:00,7587.5,7588.0,7583.0,7585.0,15198
2026-07-09T15:00:00,7585.25,7585.5,7581.0,7583.25,17329
2026-07-09T15:15:00,7583.5,7588.5,7582.75,7585.0,18386
2026-07-09T15:30:00,7585.0,7589.0,7583.5,7588.0,17786
2026-07-09T15:45:00,7588.0,7591.0,7582.5,7590.5,75941
2026-07-10T09:30:00,7592.25,7604.5,7590.0,7594.25,60325
2026-07-10T09:45:00,7594.5,7604.5,7592.75,7601.5,38457
2026-07-10T10:00:00,7601.5,7605.75,7596.75,7599.25,35608
2026-07-10T10:15:00,7599.0,7603.75,7593.0,7598.0,39859
2026-07-10T10:30:00,7597.75,7602.75,7552.75,7593.25,96186
2026-07-10T10:45:00,7593.5,7598.25,7583.0,7584.25,41239
2026-07-10T11:00:00,7584.25,7593.0,7578.5,7591.75,39241
2026-07-10T11:15:00,7591.75,7606.75,7591.5,7605.25,39492
2026-07-10T11:30:00,7605.25,7606.5,7586.0,7592.5,42477
2026-07-10T11:45:00,7592.75,7601.5,7588.0,7600.25,25816
2026-07-10T12:00:00,7600.25,7606.25,7600.0,7604.0,23814
2026-07-10T12:15:00,7604.25,7609.25,7603.5,7604.25,19425
2026-07-10T12:30:00,7604.0,7608.75,7601.5,7608.5,15103
2026-07-10T12:45:00,7608.5,7614.0,7608.25,7612.75,20373
2026-07-10T13:00:00,7612.5,7613.0,7607.25,7610.5,14318
2026-07-10T13:15:00,7610.5,7613.25,7610.25,7613.0,10908
2026-07-10T13:30:00,7613.0,7617.0,7611.5,7614.0,17636
2026-07-10T13:45:00,7614.0,7616.75,7612.0,7612.75,10056
2026-07-10T14:00:00,7612.75,7619.0,7612.0,7616.0,18331
2026-07-10T14:15:00,7616.0,7620.0,7613.75,7617.25,14837
2026-07-10T14:30:00,7617.5,7619.5,7616.25,7618.5,11216
2026-07-10T14:45:00,7618.25,7620.25,7618.0,7618.5,10465
2026-07-10T15:00:00,7618.5,7625.5,7618.25,7624.75,22625
2026-07-10T15:15:00,7624.5,7625.25,7622.25,7622.75,18405
2026-07-10T15:30:00,7622.75,7625.25,7621.25,7623.5,20332
2026-07-10T15:45:00,7623.5,7627.25,7617.75,7621.0,77936
2026-07-13T09:30:00,7595.5,7609.75,7594.5,7601.0,76194
2026-07-13T09:45:00,7601.25,7608.75,7590.25,7607.5,55454
2026-07-13T10:00:00,7607.5,7610.5,7593.5,7603.5,48539
2026-07-13T10:15:00,7603.75,7604.75,7573.5,7602.0,85618
2026-07-13T10:30:00,7601.75,7603.75,7583.25,7585.75,43776
2026-07-13T10:45:00,7585.75,7599.0,7580.75,7598.5,41197
2026-07-13T11:00:00,7598.5,7601.75,7590.25,7592.0,30513
2026-07-13T11:15:00,7592.0,7597.0,7589.75,7594.75,20608
2026-07-13T11:30:00,7595.0,7596.5,7587.75,7588.0,21040
2026-07-13T11:45:00,7588.0,7589.0,7581.75,7583.25,23322
2026-07-13T12:00:00,7583.25,7589.0,7580.5,7585.5,20910
2026-07-13T12:15:00,7585.25,7585.5,7570.25,7574.0,29014
2026-07-13T12:30:00,7574.0,7576.25,7560.0,7575.0,52210
2026-07-13T12:45:00,7574.75,7578.0,7563.25,7570.25,32737
2026-07-13T13:00:00,7570.0,7578.0,7569.0,7572.0,22863
2026-07-13T13:15:00,7572.0,7575.25,7566.75,7569.75,18149
2026-07-13T13:30:00,7569.75,7572.75,7566.0,7571.5,17212
2026-07-13T13:45:00,7571.5,7574.25,7563.25,7563.5,20768
2026-07-13T14:00:00,7563.75,7574.0,7562.75,7569.25,23280
2026-07-13T14:15:00,7569.0,7569.5,7561.5,7563.5,21237
2026-07-13T14:30:00,7563.75,7572.0,7561.0,7570.25,24204
2026-07-13T14:45:00,7570.25,7572.25,7566.0,7567.25,21287
2026-07-13T15:00:00,7567.25,7571.25,7562.25,7564.25,23331
2026-07-13T15:15:00,7564.25,7565.75,7551.75,7555.0,35498
2026-07-13T15:30:00,7555.0,7561.5,7551.0,7561.0,34686
2026-07-13T15:45:00,7561.25,7568.25,7557.5,7563.0,101398
2026-07-14T09:30:00,7579.5,7585.5,7564.25,7583.25,78522
2026-07-14T09:45:00,7583.0,7588.25,7576.0,7583.5,41851
2026-07-14T10:00:00,7583.5,7585.25,7567.75,7574.5,39139
2026-07-14T10:15:00,7574.5,7583.5,7556.5,7577.25,54512
2026-07-14T10:30:00,7577.25,7603.75,7575.0,7581.75,54573
2026-07-14T10:45:00,7581.5,7590.5,7575.25,7587.5,29653
2026-07-14T11:00:00,7587.5,7601.5,7583.25,7596.0,48044
2026-07-14T11:15:00,7596.0,7598.0,7587.0,7597.25,27266
2026-07-14T11:30:00,7597.0,7600.5,7577.75,7586.25,38316
2026-07-14T11:45:00,7586.0,7590.0,7576.25,7579.75,23402
2026-07-14T12:00:00,7580.0,7580.75,7570.0,7575.25,27811
2026-07-14T12:15:00,7575.5,7579.25,7570.0,7578.25,20402
2026-07-14T12:30:00,7578.0,7588.25,7576.5,7585.0,19000
2026-07-14T12:45:00,7585.25,7589.25,7580.0,7589.25,15260
2026-07-14T13:00:00,7589.25,7592.75,7586.0,7588.75,16001
2026-07-14T13:15:00,7588.75,7596.75,7585.25,7593.75,19539
2026-07-14T13:30:00,7594.0,7595.75,7588.75,7590.75,14426
2026-07-14T13:45:00,7590.75,7593.75,7587.75,7593.25,11137
2026-07-14T14:00:00,7593.5,7596.75,7589.75,7596.25,14603
2026-07-14T14:15:00,7596.5,7598.25,7593.5,7595.5,12652
2026-07-14T14:30:00,7595.25,7596.25,7587.0,7590.25,24632
2026-07-14T14:45:00,7590.5,7593.5,7588.75,7592.0,11940
2026-07-14T15:00:00,7592.25,7592.75,7587.5,7590.25,12660
2026-07-14T15:15:00,7590.25,7594.75,7588.25,7591.5,15274
2026-07-14T15:30:00,7591.5,7594.75,7587.0,7593.25,23027
2026-07-14T15:45:00,7593.0,7596.0,7589.25,7590.0,74044
2026-07-15T09:30:00,7612.5,7626.25,7611.75,7613.5,76864
2026-07-15T09:45:00,7613.5,7616.75,7601.25,7614.5,72473
2026-07-15T10:00:00,7614.5,7623.5,7614.5,7617.75,51146
2026-07-15T10:15:00,7617.75,7626.0,7603.25,7616.5,65692
2026-07-15T10:30:00,7616.25,7618.75,7597.75,7605.0,53017
2026-07-15T10:45:00,7605.0,7608.25,7597.25,7604.75,40426
2026-07-15T11:00:00,7605.0,7611.5,7599.5,7601.0,26797
2026-07-15T11:15:00,7601.25,7606.25,7592.0,7605.75,45869
2026-07-15T11:30:00,7605.75,7608.5,7600.0,7601.5,30558
2026-07-15T11:45:00,7601.5,7602.5,7592.5,7596.25,26922
2026-07-15T12:00:00,7596.25,7598.0,7581.0,7581.5,40636
2026-07-15T12:15:00,7581.5,7583.25,7573.75,7577.75,41881
2026-07-15T12:30:00,7577.75,7581.5,7571.75,7578.75,29811
2026-07-15T12:45:00,7578.75,7593.25,7577.0,7586.75,40631
2026-07-15T13:00:00,7587.0,7594.25,7586.0,7588.0,25679
2026-07-15T13:15:00,7588.0,7598.75,7587.5,7598.25,20352
2026-07-15T13:30:00,7598.5,7605.0,7598.5,7603.25,30588
2026-07-15T13:45:00,7603.5,7616.25,7602.75,7612.5,38699
2026-07-15T14:00:00,7612.5,7618.25,7611.75,7616.0,25323
2026-07-15T14:15:00,7616.25,7619.0,7612.75,7616.75,20946
2026-07-15T14:30:00,7616.75,7619.75,7610.25,7610.5,19091
2026-07-15T14:45:00,7610.75,7611.0,7601.0,7602.0,35247
2026-07-15T15:00:00,7602.0,7609.0,7600.5,7608.0,25402
2026-07-15T15:15:00,7608.0,7608.5,7601.75,7606.5,20454
2026-07-15T15:30:00,7606.5,7612.75,7601.25,7611.25,35144
2026-07-15T15:45:00,7611.25,7618.0,7605.25,7616.75,88796
2026-07-16T09:30:00,7596.75,7604.25,7579.75,7582.0,79865
2026-07-16T09:45:00,7581.75,7591.5,7575.5,7588.0,66168
2026-07-16T10:00:00,7587.75,7605.5,7585.25,7602.75,58146
2026-07-16T10:15:00,7602.75,7613.0,7600.0,7612.5,45087
2026-07-16T10:30:00,7612.5,7613.75,7606.5,7612.75,37056
2026-07-16T10:45:00,7613.0,7615.0,7602.75,7611.25,42223
2026-07-16T11:00:00,7611.0,7613.25,7599.75,7602.25,40183
2026-07-16T11:15:00,7602.5,7613.5,7598.75,7607.25,38979
2026-07-16T11:30:00,7607.25,7613.25,7601.75,7605.75,32664
2026-07-16T11:45:00,7605.5,7610.25,7599.25,7604.75,28019
2026-07-16T12:00:00,7605.0,7605.5,7588.5,7589.25,36254
2026-07-16T12:15:00,7589.0,7594.25,7583.0,7588.25,39934
2026-07-16T12:30:00,7588.5,7594.25,7586.75,7588.75,27381
2026-07-16T12:45:00,7588.75,7599.25,7586.0,7598.25,22600
2026-07-16T13:00:00,7598.25,7598.75,7590.5,7591.25,16181
2026-07-16T13:15:00,7591.25,7597.25,7589.25,7596.0,15966
2026-07-16T13:30:00,7596.25,7597.25,7579.5,7583.0,30025
2026-07-16T13:45:00,7583.25,7588.0,7579.75,7582.25,21220
2026-07-16T14:00:00,7582.25,7584.0,7573.25,7576.25,31402
2026-07-16T14:15:00,7576.25,7586.5,7573.75,7578.5,30307
2026-07-16T14:30:00,7578.5,7578.5,7568.0,7574.5,28042
2026-07-16T14:45:00,7574.25,7578.75,7570.5,7571.5,18292
2026-07-16T15:00:00,7571.25,7576.25,7564.75,7566.5,26186
2026-07-16T15:15:00,7566.5,7569.5,7558.0,7560.25,30147
2026-07-16T15:30:00,7560.25,7561.25,7553.0,7554.5,39661
2026-07-16T15:45:00,7554.5,7579.5,7548.25,7577.25,115922
2026-07-17T09:30:00,7485.25,7492.25,7473.0,7475.75,119998
2026-07-17T09:45:00,7475.75,7514.0,7475.0,7513.75,78716
2026-07-17T10:00:00,7513.75,7533.75,7512.5,7528.75,95375
2026-07-17T10:15:00,7528.5,7539.0,7527.5,7529.25,66172
2026-07-17T10:30:00,7529.5,7534.0,7521.75,7524.5,57827
2026-07-17T10:45:00,7524.75,7531.5,7514.25,7516.25,49944
2026-07-17T11:00:00,7516.25,7518.0,7506.5,7509.0,46804
2026-07-17T11:15:00,7509.0,7521.5,7504.75,7520.25,52309
2026-07-17T11:30:00,7520.25,7525.0,7510.0,7520.75,50820
2026-07-17T11:45:00,7520.5,7536.5,7514.5,7534.25,40590
2026-07-17T12:00:00,7534.25,7536.75,7513.5,7528.25,54835
2026-07-17T12:15:00,7528.5,7531.0,7516.5,7524.75,34006
2026-07-17T12:30:00,7524.75,7530.0,7520.75,7529.75,24398
2026-07-17T12:45:00,7529.75,7538.5,7527.0,7529.25,32848
2026-07-17T13:00:00,7529.0,7538.0,7527.75,7530.0,23888
2026-07-17T13:15:00,7530.0,7536.0,7525.25,7534.5,22229
2026-07-17T13:30:00,7534.5,7535.5,7520.25,7521.5,21943
2026-07-17T13:45:00,7521.25,7524.25,7508.75,7510.75,24839
2026-07-17T14:00:00,7511.0,7516.75,7506.0,7506.5,26568
2026-07-17T14:15:00,7506.25,7507.25,7497.75,7502.25,32353
2026-07-17T14:30:00,7502.25,7508.5,7495.75,7497.5,27348
2026-07-17T14:45:00,7497.5,7511.75,7495.75,7508.5,26828
2026-07-17T15:00:00,7508.75,7510.0,7492.25,7492.5,30388
2026-07-17T15:15:00,7492.25,7498.0,7486.25,7496.75,37130
2026-07-17T15:30:00,7497.0,7501.5,7491.0,7499.75,40294
2026-07-17T15:45:00,7500.0,7509.25,7494.25,7496.75,119515
